case_id,arch,anchored,pose,noise,stage,gt_x,gt_y,pred_x,pred_y,err_px,success_1px,wall_ms
dram_anchored_pose-none_0000,dram,anchored,none,none,ncc,531.8194732184453,446.266375344203,531.5,446.5,0.3957822849750225,1,91.02883300511166
dram_anchored_pose-none_0000,dram,anchored,none,none,weighted,531.8194732184453,446.266375344203,531.5,446.5,0.3957822849750225,1,281.7847080004867
dram_anchored_pose-none_0000,dram,anchored,none,none,selected,531.8194732184453,446.266375344203,531.5,446.5,0.3957822849750225,1,286.7809580056928
dram_anchored_pose-none_0001,dram,anchored,none,none,ncc,127.76712372639233,709.0552582342465,109.5,526.5,183.46691832100888,0,56.776708996039815
dram_anchored_pose-none_0001,dram,anchored,none,none,weighted,127.76712372639233,709.0552582342465,127.5,709.5,0.518796996336025,1,275.41920900694095
dram_anchored_pose-none_0001,dram,anchored,none,none,selected,127.76712372639233,709.0552582342465,127.5,709.5,0.518796996336025,1,280.2590840001358
dram_anchored_pose-none_0002,dram,anchored,none,none,ncc,863.977595873166,497.1548480905214,637.5,579.5,240.98303980878865,0,55.66054199880455
dram_anchored_pose-none_0002,dram,anchored,none,none,weighted,863.977595873166,497.1548480905214,863.5,497.5,0.5892602639597736,1,273.37183301278856
dram_anchored_pose-none_0002,dram,anchored,none,none,selected,863.977595873166,497.1548480905214,863.5,497.5,0.5892602639597736,1,278.19687401643023
dram_anchored_pose-none_0003,dram,anchored,none,none,ncc,232.65846231244757,735.5809719729891,232.5,735.5,0.1779515801446599,1,56.608124999911524
dram_anchored_pose-none_0003,dram,anchored,none,none,weighted,232.65846231244757,735.5809719729891,232.5,735.5,0.1779515801446599,1,272.4197500065202
dram_anchored_pose-none_0003,dram,anchored,none,none,selected,232.65846231244757,735.5809719729891,232.5,735.5,0.1779515801446599,1,277.2513330128277
dram_anchored_pose-none_0004,dram,anchored,none,none,ncc,503.24196628643364,564.1423323810496,503.5,564.5,0.44103007038349057,1,56.45945799187757
dram_anchored_pose-none_0004,dram,anchored,none,none,weighted,503.24196628643364,564.1423323810496,503.5,564.5,0.44103007038349057,1,272.6938749983674
dram_anchored_pose-none_0004,dram,anchored,none,none,selected,503.24196628643364,564.1423323810496,503.5,564.5,0.44103007038349057,1,277.4999589892104
dram_anchored_pose-none_0005,dram,anchored,none,none,ncc,422.4269067090371,119.43962208882554,422.5,119.5,0.09480570310681685,1,56.57495900231879
dram_anchored_pose-none_0005,dram,anchored,none,none,weighted,422.4269067090371,119.43962208882554,422.5,119.5,0.09480570310681685,1,272.33837499807123
dram_anchored_pose-none_0005,dram,anchored,none,none,selected,422.4269067090371,119.43962208882554,422.5,119.5,0.09480570310681685,1,277.1345830115024
dram_anchored_pose-none_0006,dram,anchored,none,none,ncc,822.5367760836219,100.19993813258809,880.5,564.5,467.9041384481042,0,55.75304199010134
dram_anchored_pose-none_0006,dram,anchored,none,none,weighted,822.5367760836219,100.19993813258809,822.5,100.5,0.30230713620636107,1,272.24420801212545
dram_anchored_pose-none_0006,dram,anchored,none,none,selected,822.5367760836219,100.19993813258809,822.5,100.5,0.30230713620636107,1,277.03875000588596
dram_anchored_pose-none_0007,dram,anchored,none,none,ncc,856.699548287331,361.4823588129435,856.5,361.5,0.20032655954093503,1,55.706208004266955
dram_anchored_pose-none_0007,dram,anchored,none,none,weighted,856.699548287331,361.4823588129435,856.5,361.5,0.20032655954093503,1,272.7987920079613
dram_anchored_pose-none_0007,dram,anchored,none,none,selected,856.699548287331,361.4823588129435,856.5,361.5,0.20032655954093503,1,277.67920801125
dram_anchored_pose-none_0008,dram,anchored,none,none,ncc,91.47238092668637,905.5914305352696,91.5,905.5,0.09551102549128083,1,55.82820800191257
dram_anchored_pose-none_0008,dram,anchored,none,none,weighted,91.47238092668637,905.5914305352696,91.5,905.5,0.09551102549128083,1,272.2490409942111
dram_anchored_pose-none_0008,dram,anchored,none,none,selected,91.47238092668637,905.5914305352696,91.5,905.5,0.09551102549128083,1,277.03949899296276
dram_anchored_pose-small_0009,dram,anchored,small,none,ncc,533.4204479498359,472.60486016751605,533.5,472.5,0.1316213638312936,1,56.32820799655747
dram_anchored_pose-small_0009,dram,anchored,small,none,weighted,533.4204479498359,472.60486016751605,533.5,472.5,0.1316213638312936,1,273.51445800741203
dram_anchored_pose-small_0009,dram,anchored,small,none,selected,533.4204479498359,472.60486016751605,533.5,472.5,0.1316213638312936,1,278.3416240126826
dram_anchored_pose-small_0010,dram,anchored,small,none,ncc,157.23703385679948,695.5954428901074,157.5,695.5,0.27975084940318873,1,56.730291005806066
dram_anchored_pose-small_0010,dram,anchored,small,none,weighted,157.23703385679948,695.5954428901074,157.5,695.5,0.27975084940318873,1,271.27220899274107
dram_anchored_pose-small_0010,dram,anchored,small,none,selected,157.23703385679948,695.5954428901074,157.5,695.5,0.27975084940318873,1,276.07620898925234
dram_anchored_pose-small_0011,dram,anchored,small,none,ncc,140.4249198552512,277.6607457535418,140.5,277.5,0.17741540355115115,1,55.68529099400621
dram_anchored_pose-small_0011,dram,anchored,small,none,weighted,140.4249198552512,277.6607457535418,140.5,277.5,0.17741540355115115,1,254.98712500848342
dram_anchored_pose-small_0011,dram,anchored,small,none,selected,140.4249198552512,277.6607457535418,140.5,277.5,0.17741540355115115,1,259.8095420107711
dram_anchored_pose-small_0012,dram,anchored,small,none,ncc,684.5194340465712,751.724293826315,684.5,751.5,0.22513418818377884,1,55.705624996335246
dram_anchored_pose-small_0012,dram,anchored,small,none,weighted,684.5194340465712,751.724293826315,684.5,751.5,0.22513418818377884,1,258.677624995471
dram_anchored_pose-small_0012,dram,anchored,small,none,selected,684.5194340465712,751.724293826315,684.5,751.5,0.22513418818377884,1,263.4456249943469
dram_anchored_pose-small_0013,dram,anchored,small,none,ncc,161.6499637080047,300.0920520366508,161.5,300.5,0.43463853317358914,1,56.54395799501799
dram_anchored_pose-small_0013,dram,anchored,small,none,weighted,161.6499637080047,300.0920520366508,161.5,300.5,0.43463853317358914,1,272.4381670122966
dram_anchored_pose-small_0013,dram,anchored,small,none,selected,161.6499637080047,300.0920520366508,161.5,300.5,0.43463853317358914,1,277.2388760204194
dram_anchored_pose-small_0014,dram,anchored,small,none,ncc,547.5929936804008,590.6119000312708,547.5,590.5,0.14549722194219172,1,55.747749996953644
dram_anchored_pose-small_0014,dram,anchored,small,none,weighted,547.5929936804008,590.6119000312708,547.5,590.5,0.14549722194219172,1,276.58295900619123
dram_anchored_pose-small_0014,dram,anchored,small,none,selected,547.5929936804008,590.6119000312708,547.5,590.5,0.14549722194219172,1,281.44300100393593
dram_anchored_pose-small_0015,dram,anchored,small,none,ncc,296.0197864783282,168.46931836506195,270.5,785.5,617.5581928699316,0,56.16199999349192
dram_anchored_pose-small_0015,dram,anchored,small,none,weighted,296.0197864783282,168.46931836506195,295.5,168.5,0.5206912192223665,1,272.7802919980604
dram_anchored_pose-small_0015,dram,anchored,small,none,selected,296.0197864783282,168.46931836506195,295.5,168.5,0.5206912192223665,1,277.57070799998473
dram_anchored_pose-small_0016,dram,anchored,small,none,ncc,889.7587093779482,226.12496344009605,889.5,226.5,0.45561273413166936,1,56.545833009295166
dram_anchored_pose-small_0016,dram,anchored,small,none,weighted,889.7587093779482,226.12496344009605,889.5,226.5,0.45561273413166936,1,268.74658299493603
dram_anchored_pose-small_0016,dram,anchored,small,none,selected,889.7587093779482,226.12496344009605,889.5,226.5,0.45561273413166936,1,273.50649899744894
dram_anchored_pose-small_0017,dram,anchored,small,none,ncc,91.42183950224461,124.74985016225746,91.5,124.5,0.26179031110690343,1,55.53866700211074
dram_anchored_pose-small_0017,dram,anchored,small,none,weighted,91.42183950224461,124.74985016225746,91.5,124.5,0.26179031110690343,1,271.6842079971684
dram_anchored_pose-small_0017,dram,anchored,small,none,selected,91.42183950224461,124.74985016225746,91.5,124.5,0.26179031110690343,1,276.44737498485483
dram_anchored_pose-large_0018,dram,anchored,large,none,ncc,109.55062008414963,174.15086967780226,699.5,195.5,590.3355454558116,0,56.399458000669256
dram_anchored_pose-large_0018,dram,anchored,large,none,weighted,109.55062008414963,174.15086967780226,49.5,220.5,75.85722677579865,0,271.2317499972414
dram_anchored_pose-large_0018,dram,anchored,large,none,selected,109.55062008414963,174.15086967780226,49.5,220.5,75.85722677579865,0,276.01074999256525
dram_anchored_pose-large_0019,dram,anchored,large,none,ncc,231.73725434383206,180.8854368150356,231.5,180.5,0.4526048630449889,1,55.48687500413507
dram_anchored_pose-large_0019,dram,anchored,large,none,weighted,231.73725434383206,180.8854368150356,231.5,180.5,0.4526048630449889,1,271.1929159995634
dram_anchored_pose-large_0019,dram,anchored,large,none,selected,231.73725434383206,180.8854368150356,231.5,180.5,0.4526048630449889,1,275.967916008085
dram_anchored_pose-large_0020,dram,anchored,large,none,ncc,679.0123953323673,678.2839687223943,678.5,678.5,0.5560741762892278,1,55.56412499572616
dram_anchored_pose-large_0020,dram,anchored,large,none,weighted,679.0123953323673,678.2839687223943,678.5,678.5,0.5560741762892278,1,272.4020419991575
dram_anchored_pose-large_0020,dram,anchored,large,none,selected,679.0123953323673,678.2839687223943,678.5,678.5,0.5560741762892278,1,277.20162499463186
dram_anchored_pose-large_0021,dram,anchored,large,none,ncc,827.1137979930003,494.09730673149005,869.5,475.5,46.2866064671338,0,56.09162499604281
dram_anchored_pose-large_0021,dram,anchored,large,none,weighted,827.1137979930003,494.09730673149005,827.5,494.5,0.5579550687231378,1,271.04837499791756
dram_anchored_pose-large_0021,dram,anchored,large,none,selected,827.1137979930003,494.09730673149005,827.5,494.5,0.5579550687231378,1,275.81283400650136
dram_anchored_pose-large_0022,dram,anchored,large,none,ncc,662.8915385354463,419.8020058569243,662.5,419.5,0.49447948628436794,1,55.44416701013688
dram_anchored_pose-large_0022,dram,anchored,large,none,weighted,662.8915385354463,419.8020058569243,662.5,419.5,0.49447948628436794,1,270.9191670001019
dram_anchored_pose-large_0022,dram,anchored,large,none,selected,662.8915385354463,419.8020058569243,662.5,419.5,0.49447948628436794,1,275.6849169963971
dram_anchored_pose-large_0023,dram,anchored,large,none,ncc,213.63795689004456,378.6551053513811,250.5,364.5,39.48641829476195,0,55.5422500037821
dram_anchored_pose-large_0023,dram,anchored,large,none,weighted,213.63795689004456,378.6551053513811,250.5,364.5,39.48641829476195,0,270.8517080027377
dram_anchored_pose-large_0023,dram,anchored,large,none,selected,213.63795689004456,378.6551053513811,250.5,364.5,39.48641829476195,0,275.6327500101179
dram_anchored_pose-large_0024,dram,anchored,large,none,ncc,499.15451024487834,908.5564503561699,499.5,908.5,0.35007115506098424,1,56.44108400156256
dram_anchored_pose-large_0024,dram,anchored,large,none,weighted,499.15451024487834,908.5564503561699,499.5,908.5,0.35007115506098424,1,270.35012500709854
dram_anchored_pose-large_0024,dram,anchored,large,none,selected,499.15451024487834,908.5564503561699,499.5,908.5,0.35007115506098424,1,275.106417000643
dram_anchored_pose-large_0025,dram,anchored,large,none,ncc,546.4791950302235,512.5803248045311,546.5,512.5,0.0829754240143115,1,55.6898749928223
dram_anchored_pose-large_0025,dram,anchored,large,none,weighted,546.4791950302235,512.5803248045311,546.5,512.5,0.0829754240143115,1,271.63487499637995
dram_anchored_pose-large_0025,dram,anchored,large,none,selected,546.4791950302235,512.5803248045311,546.5,512.5,0.0829754240143115,1,276.47087498917244
dram_anchored_pose-large_0026,dram,anchored,large,none,ncc,483.25121256729466,83.58333270855138,483.5,83.5,0.2623728777648797,1,56.97166699974332
dram_anchored_pose-large_0026,dram,anchored,large,none,weighted,483.25121256729466,83.58333270855138,483.5,83.5,0.2623728777648797,1,271.0150000057183
dram_anchored_pose-large_0026,dram,anchored,large,none,selected,483.25121256729466,83.58333270855138,483.5,83.5,0.2623728777648797,1,275.8223340060795
dram_unanchored_pose-none_0027,dram,unanchored,none,none,ncc,223.30813925883498,85.44037535669823,292.5,535.5,455.3473172501343,0,56.70650000683963
dram_unanchored_pose-none_0027,dram,unanchored,none,none,weighted,223.30813925883498,85.44037535669823,292.5,535.5,455.3473172501343,0,270.72499999485444
dram_unanchored_pose-none_0027,dram,unanchored,none,none,selected,223.30813925883498,85.44037535669823,292.5,535.5,455.3473172501343,0,275.52441699663177
dram_unanchored_pose-none_0028,dram,unanchored,none,none,ncc,134.45190713980924,145.84361137703903,809.5,759.5,912.2850930339458,0,56.3209999963874
dram_unanchored_pose-none_0028,dram,unanchored,none,none,weighted,134.45190713980924,145.84361137703903,180.5,759.5,615.3816621852127,0,270.96262501436286
dram_unanchored_pose-none_0028,dram,unanchored,none,none,selected,134.45190713980924,145.84361137703903,180.5,759.5,615.3816621852127,0,275.71670900215395
dram_unanchored_pose-none_0029,dram,unanchored,none,none,ncc,693.8766380383479,807.4081672831171,522.5,807.5,171.3766626427729,0,56.484959000954404
dram_unanchored_pose-none_0029,dram,unanchored,none,none,weighted,693.8766380383479,807.4081672831171,522.5,807.5,171.3766626427729,0,270.65837499685585
dram_unanchored_pose-none_0029,dram,unanchored,none,none,selected,693.8766380383479,807.4081672831171,522.5,807.5,171.3766626427729,0,275.4260420042556
dram_unanchored_pose-none_0030,dram,unanchored,none,none,ncc,424.8467064330548,745.2831472274695,657.5,706.5,235.8637053817623,0,56.467125003109686
dram_unanchored_pose-none_0030,dram,unanchored,none,none,weighted,424.8467064330548,745.2831472274695,657.5,105.5,680.7716434193136,0,278.64874999795575
dram_unanchored_pose-none_0030,dram,unanchored,none,none,selected,424.8467064330548,745.2831472274695,657.5,105.5,680.7716434193136,0,283.4132919961121
dram_unanchored_pose-none_0031,dram,unanchored,none,none,ncc,665.9131031939582,666.7201052108293,515.5,403.5,303.1648485554293,0,55.430874999728985
dram_unanchored_pose-none_0031,dram,unanchored,none,none,weighted,665.9131031939582,666.7201052108293,515.5,403.5,303.1648485554293,0,270.9188750013709
dram_unanchored_pose-none_0031,dram,unanchored,none,none,selected,665.9131031939582,666.7201052108293,515.5,403.5,303.1648485554293,0,275.6841670052381
dram_unanchored_pose-none_0032,dram,unanchored,none,none,ncc,570.7530609392039,476.04151324436907,862.5,748.5,399.186552198984,0,55.93958399549592
dram_unanchored_pose-none_0032,dram,unanchored,none,none,weighted,570.7530609392039,476.04151324436907,862.5,748.5,399.186552198984,0,272.44079200318083
dram_unanchored_pose-none_0032,dram,unanchored,none,none,selected,570.7530609392039,476.04151324436907,862.5,748.5,399.186552198984,0,277.2862499987241
dram_unanchored_pose-none_0033,dram,unanchored,none,none,ncc,458.57515523793955,254.50781532554143,98.5,671.5,550.94155724469,0,55.68325000058394
dram_unanchored_pose-none_0033,dram,unanchored,none,none,weighted,458.57515523793955,254.50781532554143,98.5,671.5,550.94155724469,0,272.1187079878291
dram_unanchored_pose-none_0033,dram,unanchored,none,none,selected,458.57515523793955,254.50781532554143,98.5,671.5,550.94155724469,0,276.9112079840852
dram_unanchored_pose-none_0034,dram,unanchored,none,none,ncc,329.5315517240419,885.77619103657,536.5,202.5,713.9343750087968,0,55.66499999258667
dram_unanchored_pose-none_0034,dram,unanchored,none,none,weighted,329.5315517240419,885.77619103657,536.5,906.5,208.00340102919156,0,256.6733340063365
dram_unanchored_pose-none_0034,dram,unanchored,none,none,selected,329.5315517240419,885.77619103657,536.5,906.5,208.00340102919156,0,261.47470899741165
dram_unanchored_pose-none_0035,dram,unanchored,none,none,ncc,610.2847123304599,661.5830794084425,945.5,49.5,697.8645894337197,0,55.78966700704768
dram_unanchored_pose-none_0035,dram,unanchored,none,none,weighted,610.2847123304599,661.5830794084425,158.5,49.5,760.7595693736873,0,272.31241601111833
dram_unanchored_pose-none_0035,dram,unanchored,none,none,selected,610.2847123304599,661.5830794084425,158.5,49.5,760.7595693736873,0,277.1579990076134
dram_unanchored_pose-small_0036,dram,unanchored,small,none,ncc,135.79748447778692,673.6411714540867,538.5,427.5,471.9690586179441,0,56.628709004144184
dram_unanchored_pose-small_0036,dram,unanchored,small,none,weighted,135.79748447778692,673.6411714540867,538.5,427.5,471.9690586179441,0,271.99016700615175
dram_unanchored_pose-small_0036,dram,unanchored,small,none,selected,135.79748447778692,673.6411714540867,538.5,427.5,471.9690586179441,0,276.83891700871754
dram_unanchored_pose-small_0037,dram,unanchored,small,none,ncc,547.6301665186736,438.90449098307107,534.5,815.5,376.8243339867104,0,56.19633301103022
dram_unanchored_pose-small_0037,dram,unanchored,small,none,weighted,547.6301665186736,438.90449098307107,93.5,259.5,488.282888833075,0,266.74579200334847
dram_unanchored_pose-small_0037,dram,unanchored,small,none,selected,547.6301665186736,438.90449098307107,93.5,259.5,488.282888833075,0,271.55016700271517
dram_unanchored_pose-small_0038,dram,unanchored,small,none,ncc,806.503308085577,398.7167938292946,767.5,837.5,440.5132915804723,0,56.3614579878049
dram_unanchored_pose-small_0038,dram,unanchored,small,none,weighted,806.503308085577,398.7167938292946,767.5,837.5,440.5132915804723,0,272.90295899729244
dram_unanchored_pose-small_0038,dram,unanchored,small,none,selected,806.503308085577,398.7167938292946,767.5,837.5,440.5132915804723,0,277.7129589958349
dram_unanchored_pose-small_0039,dram,unanchored,small,none,ncc,111.03808871571891,493.9181990839855,718.5,266.5,648.636270135856,0,56.07416600105353
dram_unanchored_pose-small_0039,dram,unanchored,small,none,weighted,111.03808871571891,493.9181990839855,695.5,158.5,673.8702352966919,0,260.45487499504816
dram_unanchored_pose-small_0039,dram,unanchored,small,none,selected,111.03808871571891,493.9181990839855,695.5,158.5,673.8702352966919,0,265.27670900395606
dram_unanchored_pose-small_0040,dram,unanchored,small,none,ncc,284.3758118511194,103.75600264240674,456.5,118.5,172.7545125430649,0,55.86899998888839
dram_unanchored_pose-small_0040,dram,unanchored,small,none,weighted,284.3758118511194,103.75600264240674,667.5,686.5,697.4056997193567,0,275.401040998986
dram_unanchored_pose-small_0040,dram,unanchored,small,none,selected,284.3758118511194,103.75600264240674,667.5,686.5,697.4056997193567,0,280.2417070051888
dram_unanchored_pose-small_0041,dram,unanchored,small,none,ncc,700.8851983400242,612.4152746077232,770.5,396.5,226.86036766938,0,57.50466599420179
dram_unanchored_pose-small_0041,dram,unanchored,small,none,weighted,700.8851983400242,612.4152746077232,676.5,477.5,137.10131006142748,0,273.9026249910239
dram_unanchored_pose-small_0041,dram,unanchored,small,none,selected,700.8851983400242,612.4152746077232,676.5,477.5,137.10131006142748,0,278.7352919840487
dram_unanchored_pose-small_0042,dram,unanchored,small,none,ncc,811.3424628322523,639.9793228231513,768.5,86.5,555.1349722493684,0,55.997957999352366
dram_unanchored_pose-small_0042,dram,unanchored,small,none,weighted,811.3424628322523,639.9793228231513,705.5,776.5,172.7440946464511,0,269.31391601101495
dram_unanchored_pose-small_0042,dram,unanchored,small,none,selected,811.3424628322523,639.9793228231513,705.5,776.5,172.7440946464511,0,274.1222500044387
dram_unanchored_pose-small_0043,dram,unanchored,small,none,ncc,908.4841837538216,828.8418916410936,672.5,477.5,423.2371200685255,0,56.43979199521709
dram_unanchored_pose-small_0043,dram,unanchored,small,none,weighted,908.4841837538216,828.8418916410936,539.5,97.5,819.1521777604252,0,272.5900840014219
dram_unanchored_pose-small_0043,dram,unanchored,small,none,selected,908.4841837538216,828.8418916410936,539.5,97.5,819.1521777604252,0,277.4010840075789
dram_unanchored_pose-small_0044,dram,unanchored,small,none,ncc,723.339317017613,790.725731586064,142.5,867.5,585.8912872572712,0,56.64533299568575
dram_unanchored_pose-small_0044,dram,unanchored,small,none,weighted,723.339317017613,790.725731586064,142.5,867.5,585.8912872572712,0,272.8002500080038
dram_unanchored_pose-small_0044,dram,unanchored,small,none,selected,723.339317017613,790.725731586064,142.5,867.5,585.8912872572712,0,277.60391600895673
dram_unanchored_pose-large_0045,dram,unanchored,large,none,ncc,190.5896443113778,524.7842440036466,938.5,105.5,857.4200705698408,0,56.48670899972785
dram_unanchored_pose-large_0045,dram,unanchored,large,none,weighted,190.5896443113778,524.7842440036466,938.5,105.5,857.4200705698408,0,269.28558399959
dram_unanchored_pose-large_0045,dram,unanchored,large,none,selected,190.5896443113778,524.7842440036466,938.5,105.5,857.4200705698408,0,274.1012089973083
dram_unanchored_pose-large_0046,dram,unanchored,large,none,ncc,726.9179733794075,597.7803465027839,207.5,561.5,520.6834879386257,0,55.69824999838602
dram_unanchored_pose-large_0046,dram,unanchored,large,none,weighted,726.9179733794075,597.7803465027839,308.5,208.5,571.5004712336273,0,257.09774999995716
dram_unanchored_pose-large_0046,dram,unanchored,large,none,selected,726.9179733794075,597.7803465027839,308.5,208.5,571.5004712336273,0,261.9059999997262
dram_unanchored_pose-large_0047,dram,unanchored,large,none,ncc,338.4851735780966,255.92931492873902,805.5,904.5,799.2163547073379,0,56.28779200196732
dram_unanchored_pose-large_0047,dram,unanchored,large,none,weighted,338.4851735780966,255.92931492873902,800.5,824.5,732.6188120407942,0,262.20820799062494
dram_unanchored_pose-large_0047,dram,unanchored,large,none,selected,338.4851735780966,255.92931492873902,800.5,824.5,732.6188120407942,0,267.04029098618776
dram_unanchored_pose-large_0048,dram,unanchored,large,none,ncc,465.2676061863487,610.2377236753262,265.5,224.5,434.396924422407,0,55.757249996531755
dram_unanchored_pose-large_0048,dram,unanchored,large,none,weighted,465.2676061863487,610.2377236753262,265.5,224.5,434.396924422407,0,272.37595900078304
dram_unanchored_pose-large_0048,dram,unanchored,large,none,selected,465.2676061863487,610.2377236753262,265.5,224.5,434.396924422407,0,277.1774180000648
dram_unanchored_pose-large_0049,dram,unanchored,large,none,ncc,516.6283203011997,484.4443674071232,403.5,736.5,276.27895101865096,0,56.40825000591576
dram_unanchored_pose-large_0049,dram,unanchored,large,none,weighted,516.6283203011997,484.4443674071232,403.5,736.5,276.27895101865096,0,264.63254098780453
dram_unanchored_pose-large_0049,dram,unanchored,large,none,selected,516.6283203011997,484.4443674071232,403.5,736.5,276.27895101865096,0,269.4264989841031
dram_unanchored_pose-large_0050,dram,unanchored,large,none,ncc,695.9550925541892,757.5270563459624,295.5,761.5,400.4747999985297,0,55.83745799958706
dram_unanchored_pose-large_0050,dram,unanchored,large,none,weighted,695.9550925541892,757.5270563459624,620.5,638.5,140.92874488459105,0,273.49616700666957
dram_unanchored_pose-large_0050,dram,unanchored,large,none,selected,695.9550925541892,757.5270563459624,620.5,638.5,140.92874488459105,0,278.2942500052741
dram_unanchored_pose-large_0051,dram,unanchored,large,none,ncc,693.9323445696691,621.8323058660986,656.5,255.5,368.2397842997892,0,56.66591699991841
dram_unanchored_pose-large_0051,dram,unanchored,large,none,weighted,693.9323445696691,621.8323058660986,872.5,824.5,270.11220226312986,0,271.7746660055127
dram_unanchored_pose-large_0051,dram,unanchored,large,none,selected,693.9323445696691,621.8323058660986,872.5,824.5,270.11220226312986,0,276.5942910045851
dram_unanchored_pose-large_0052,dram,unanchored,large,none,ncc,587.964568110171,349.1516998264477,99.5,223.5,504.36691403018455,0,55.76437499257736
dram_unanchored_pose-large_0052,dram,unanchored,large,none,weighted,587.964568110171,349.1516998264477,860.5,220.5,301.37488532326324,0,272.3657500027912
dram_unanchored_pose-large_0052,dram,unanchored,large,none,selected,587.964568110171,349.1516998264477,860.5,220.5,301.37488532326324,0,277.1190000057686
dram_unanchored_pose-large_0053,dram,unanchored,large,none,ncc,384.4520308972816,110.9898522503488,478.5,215.5,140.59655570105477,0,57.93716599873733
dram_unanchored_pose-large_0053,dram,unanchored,large,none,weighted,384.4520308972816,110.9898522503488,767.5,396.5,477.7465762323627,0,275.54833301110193
dram_unanchored_pose-large_0053,dram,unanchored,large,none,selected,384.4520308972816,110.9898522503488,767.5,396.5,477.7465762323627,0,280.3791670012288
finfet_anchored_pose-none_0054,finfet,anchored,none,none,ncc,440.3445542093125,788.4638598696087,440.5,788.5,0.1595916754319228,1,56.841540994355455
finfet_anchored_pose-none_0054,finfet,anchored,none,none,weighted,440.3445542093125,788.4638598696087,440.5,788.5,0.1595916754319228,1,273.10237500933
finfet_anchored_pose-none_0054,finfet,anchored,none,none,selected,440.3445542093125,788.4638598696087,440.5,788.5,0.1595916754319228,1,277.9066670045722
finfet_anchored_pose-none_0055,finfet,anchored,none,none,ncc,298.12432671205994,796.5199793693288,298.5,796.5,0.3762041925211243,1,56.92112499673385
finfet_anchored_pose-none_0055,finfet,anchored,none,none,weighted,298.12432671205994,796.5199793693288,298.5,796.5,0.3762041925211243,1,273.0960829940159
finfet_anchored_pose-none_0055,finfet,anchored,none,none,selected,298.12432671205994,796.5199793693288,298.5,796.5,0.3762041925211243,1,277.9298329987796
finfet_anchored_pose-none_0056,finfet,anchored,none,none,ncc,668.7892698007548,850.9803474481276,668.5,850.5,0.5607233618741742,1,55.724499994539656
finfet_anchored_pose-none_0056,finfet,anchored,none,none,weighted,668.7892698007548,850.9803474481276,668.5,850.5,0.5607233618741742,1,272.97154199914075
finfet_anchored_pose-none_0056,finfet,anchored,none,none,selected,668.7892698007548,850.9803474481276,668.5,850.5,0.5607233618741742,1,277.797417002148
finfet_anchored_pose-none_0057,finfet,anchored,none,none,ncc,492.4451689459551,615.9850032513409,492.5,615.5,0.48809281729905624,1,56.5492500027176
finfet_anchored_pose-none_0057,finfet,anchored,none,none,weighted,492.4451689459551,615.9850032513409,492.5,615.5,0.48809281729905624,1,272.64266699785367
finfet_anchored_pose-none_0057,finfet,anchored,none,none,selected,492.4451689459551,615.9850032513409,492.5,615.5,0.48809281729905624,1,277.4660009890795
finfet_anchored_pose-none_0058,finfet,anchored,none,none,ncc,731.783087267738,295.8470216415252,731.5,295.5,0.4478419596712691,1,56.59933399874717
finfet_anchored_pose-none_0058,finfet,anchored,none,none,weighted,731.783087267738,295.8470216415252,731.5,295.5,0.4478419596712691,1,273.0979159969138
finfet_anchored_pose-none_0058,finfet,anchored,none,none,selected,731.783087267738,295.8470216415252,731.5,295.5,0.4478419596712691,1,277.9237489885418
finfet_anchored_pose-none_0059,finfet,anchored,none,none,ncc,886.1489527146338,742.2263007644481,886.5,742.5,0.44513533684118356,1,57.078375000855885
finfet_anchored_pose-none_0059,finfet,anchored,none,none,weighted,886.1489527146338,742.2263007644481,886.5,742.5,0.44513533684118356,1,271.1306249984773
finfet_anchored_pose-none_0059,finfet,anchored,none,none,selected,886.1489527146338,742.2263007644481,886.5,742.5,0.44513533684118356,1,275.9597499971278
finfet_anchored_pose-none_0060,finfet,anchored,none,none,ncc,259.5622195003885,393.1754048338495,259.5,393.5,0.33050459621142164,1,56.75837499438785
finfet_anchored_pose-none_0060,finfet,anchored,none,none,weighted,259.5622195003885,393.1754048338495,259.5,393.5,0.33050459621142164,1,271.9373339932645
finfet_anchored_pose-none_0060,finfet,anchored,none,none,selected,259.5622195003885,393.1754048338495,259.5,393.5,0.33050459621142164,1,276.79883400560357
finfet_anchored_pose-none_0061,finfet,anchored,none,none,ncc,319.49246776214,669.1802573386767,319.5,669.5,0.3198313681884241,1,57.449041996733285
finfet_anchored_pose-none_0061,finfet,anchored,none,none,weighted,319.49246776214,669.1802573386767,319.5,669.5,0.3198313681884241,1,275.73199999460485
finfet_anchored_pose-none_0061,finfet,anchored,none,none,selected,319.49246776214,669.1802573386767,319.5,669.5,0.3198313681884241,1,280.5858329957118
finfet_anchored_pose-none_0062,finfet,anchored,none,none,ncc,635.3667032087445,310.87934398613606,635.5,310.5,0.4020819498269027,1,56.860834010876715
finfet_anchored_pose-none_0062,finfet,anchored,none,none,weighted,635.3667032087445,310.87934398613606,635.5,310.5,0.4020819498269027,1,274.26575000572484
finfet_anchored_pose-none_0062,finfet,anchored,none,none,selected,635.3667032087445,310.87934398613606,635.5,310.5,0.4020819498269027,1,279.0946669992991
finfet_anchored_pose-small_0063,finfet,anchored,small,none,ncc,311.4869294700923,577.3470589684241,311.5,578.5,1.1530151174392078,0,55.71749999944586
finfet_anchored_pose-small_0063,finfet,anchored,small,none,weighted,311.4869294700923,577.3470589684241,311.5,578.5,1.1530151174392078,0,270.05745899805333
finfet_anchored_pose-small_0063,finfet,anchored,small,none,selected,311.4869294700923,577.3470589684241,311.5,578.5,1.1530151174392078,0,274.92337599687744
finfet_anchored_pose-small_0064,finfet,anchored,small,none,ncc,189.61417852957393,96.61267411983856,189.5,96.5,0.16041257399923364,1,56.46616700687446
finfet_anchored_pose-small_0064,finfet,anchored,small,none,weighted,189.61417852957393,96.61267411983856,188.5,98.5,2.191664384364242,0,272.5186670140829
finfet_anchored_pose-small_0064,finfet,anchored,small,none,selected,189.61417852957393,96.61267411983856,188.5,98.5,2.191664384364242,0,277.3409590154188
finfet_anchored_pose-small_0065,finfet,anchored,small,none,ncc,109.44572991853809,608.2035260643584,107.5,609.5,2.3380995662487045,0,55.65541599935386
finfet_anchored_pose-small_0065,finfet,anchored,small,none,weighted,109.44572991853809,608.2035260643584,108.5,609.5,1.604758469245823,0,272.77637500083074
finfet_anchored_pose-small_0065,finfet,anchored,small,none,selected,109.44572991853809,608.2035260643584,108.5,609.5,1.604758469245823,0,277.6006670028437
finfet_anchored_pose-small_0066,finfet,anchored,small,none,ncc,275.4816337830416,635.2463063172954,275.5,634.5,0.7465322746944137,1,56.039624992990866
finfet_anchored_pose-small_0066,finfet,anchored,small,none,weighted,275.4816337830416,635.2463063172954,275.5,634.5,0.7465322746944137,1,269.7645830048714
finfet_anchored_pose-small_0066,finfet,anchored,small,none,selected,275.4816337830416,635.2463063172954,275.5,634.5,0.7465322746944137,1,274.5718750084052
finfet_anchored_pose-small_0067,finfet,anchored,small,none,ncc,841.6858230833438,872.1401009233831,841.5,872.5,0.40504020004576174,1,55.732749999151565
finfet_anchored_pose-small_0067,finfet,anchored,small,none,weighted,841.6858230833438,872.1401009233831,841.5,872.5,0.40504020004576174,1,272.3912080109585
finfet_anchored_pose-small_0067,finfet,anchored,small,none,selected,841.6858230833438,872.1401009233831,841.5,872.5,0.40504020004576174,1,277.207625011215
finfet_anchored_pose-small_0068,finfet,anchored,small,none,ncc,889.9008326186091,895.8472050721967,890.5,894.5,1.4744365220230549,0,56.43999998574145
finfet_anchored_pose-small_0068,finfet,anchored,small,none,weighted,889.9008326186091,895.8472050721967,890.5,893.5,2.4224725389297874,0,272.3025410086848
finfet_anchored_pose-small_0068,finfet,anchored,small,none,selected,889.9008326186091,895.8472050721967,890.5,893.5,2.4224725389297874,0,277.1692910173442
finfet_anchored_pose-small_0069,finfet,anchored,small,none,ncc,744.0090028796193,609.3335168124173,743.5,608.5,0.9766443610870076,1,56.04016700817738
finfet_anchored_pose-small_0069,finfet,anchored,small,none,weighted,744.0090028796193,609.3335168124173,743.5,608.5,0.9766443610870076,1,293.65075001260266
finfet_anchored_pose-small_0069,finfet,anchored,small,none,selected,744.0090028796193,609.3335168124173,743.5,608.5,0.9766443610870076,1,298.48841701459605
finfet_anchored_pose-small_0070,finfet,anchored,small,none,ncc,315.4283729921525,605.3700201864144,315.5,604.5,0.8729636607681736,1,56.385457995929755
finfet_anchored_pose-small_0070,finfet,anchored,small,none,weighted,315.4283729921525,605.3700201864144,315.5,604.5,0.8729636607681736,1,272.222542000236
finfet_anchored_pose-small_0070,finfet,anchored,small,none,selected,315.4283729921525,605.3700201864144,315.5,604.5,0.8729636607681736,1,277.0543749938952
finfet_anchored_pose-small_0071,finfet,anchored,small,none,ncc,642.63540379078,200.48637067651526,642.5,198.5,1.990980324131127,0,55.60441700799856
finfet_anchored_pose-small_0071,finfet,anchored,small,none,weighted,642.63540379078,200.48637067651526,641.5,198.5,2.287970767435017,0,270.58704099908937
finfet_anchored_pose-small_0071,finfet,anchored,small,none,selected,642.63540379078,200.48637067651526,641.5,198.5,2.287970767435017,0,275.4106659995159
finfet_anchored_pose-large_0072,finfet,anchored,large,none,ncc,611.4570519235917,332.59931164337826,607.5,330.5,4.4794385029850075,0,55.63491699285805
finfet_anchored_pose-large_0072,finfet,anchored,large,none,weighted,611.4570519235917,332.59931164337826,607.5,330.5,4.4794385029850075,0,271.01508299529087
finfet_anchored_pose-large_0072,finfet,anchored,large,none,selected,611.4570519235917,332.59931164337826,607.5,330.5,4.4794385029850075,0,275.80800000578165
finfet_anchored_pose-large_0073,finfet,anchored,large,none,ncc,474.0562323511227,870.1830398166439,477.5,866.5,5.042253257268887,0,55.48470800567884
finfet_anchored_pose-large_0073,finfet,anchored,large,none,weighted,474.0562323511227,870.1830398166439,477.5,867.5,4.365574220781364,0,272.1515419980278
finfet_anchored_pose-large_0073,finfet,anchored,large,none,selected,474.0562323511227,870.1830398166439,477.5,867.5,4.365574220781364,0,276.958749993355
finfet_anchored_pose-large_0074,finfet,anchored,large,none,ncc,112.27851403645602,520.1049094199726,112.5,520.5,0.4529377423812052,1,56.55999999726191
finfet_anchored_pose-large_0074,finfet,anchored,large,none,weighted,112.27851403645602,520.1049094199726,112.5,520.5,0.4529377423812052,1,269.94708299753256
finfet_anchored_pose-large_0074,finfet,anchored,large,none,selected,112.27851403645602,520.1049094199726,112.5,520.5,0.4529377423812052,1,274.7300409973832
finfet_anchored_pose-large_0075,finfet,anchored,large,none,ncc,456.00474213337066,342.52256504134317,458.5,524.5,181.99454152790724,0,56.22233399481047
finfet_anchored_pose-large_0075,finfet,anchored,large,none,weighted,456.00474213337066,342.52256504134317,458.5,524.5,181.99454152790724,0,269.37258400721475
finfet_anchored_pose-large_0075,finfet,anchored,large,none,selected,456.00474213337066,342.52256504134317,458.5,524.5,181.99454152790724,0,274.2241250089137
finfet_anchored_pose-large_0076,finfet,anchored,large,none,ncc,638.2700100790312,340.95883567960925,638.5,341.5,0.5880086610001801,1,56.79045899887569
finfet_anchored_pose-large_0076,finfet,anchored,large,none,weighted,638.2700100790312,340.95883567960925,638.5,341.5,0.5880086610001801,1,272.4389999930281
finfet_anchored_pose-large_0076,finfet,anchored,large,none,selected,638.2700100790312,340.95883567960925,638.5,341.5,0.5880086610001801,1,277.27066598890815
finfet_anchored_pose-large_0077,finfet,anchored,large,none,ncc,797.688472655356,127.79975552522878,797.5,127.5,0.35408377076918357,1,56.611249994602986
finfet_anchored_pose-large_0077,finfet,anchored,large,none,weighted,797.688472655356,127.79975552522878,797.5,127.5,0.35408377076918357,1,272.63916700030677
finfet_anchored_pose-large_0077,finfet,anchored,large,none,selected,797.688472655356,127.79975552522878,797.5,127.5,0.35408377076918357,1,277.44358299241867
finfet_anchored_pose-large_0078,finfet,anchored,large,none,ncc,175.91665666819347,294.08338826409107,175.5,292.5,1.6372908031291857,0,56.487916997866705
finfet_anchored_pose-large_0078,finfet,anchored,large,none,weighted,175.91665666819347,294.08338826409107,175.5,292.5,1.6372908031291857,0,274.29412500350736
finfet_anchored_pose-large_0078,finfet,anchored,large,none,selected,175.91665666819347,294.08338826409107,175.5,292.5,1.6372908031291857,0,279.1120420151856
finfet_anchored_pose-large_0079,finfet,anchored,large,none,ncc,178.0854054174877,519.9734448191341,178.5,521.5,1.5818531499722313,0,56.234792005852796
finfet_anchored_pose-large_0079,finfet,anchored,large,none,weighted,178.0854054174877,519.9734448191341,178.5,520.5,0.670185814789655,1,271.5401669993298
finfet_anchored_pose-large_0079,finfet,anchored,large,none,selected,178.0854054174877,519.9734448191341,178.5,520.5,0.670185814789655,1,276.50179200281855
finfet_anchored_pose-large_0080,finfet,anchored,large,none,ncc,557.2973264467571,605.4642698094735,557.5,605.5,0.20579896914018128,1,55.785292002838105
finfet_anchored_pose-large_0080,finfet,anchored,large,none,weighted,557.2973264467571,605.4642698094735,557.5,605.5,0.20579896914018128,1,273.6217920028139
finfet_anchored_pose-large_0080,finfet,anchored,large,none,selected,557.2973264467571,605.4642698094735,557.5,605.5,0.20579896914018128,1,278.44125000410713
finfet_unanchored_pose-none_0081,finfet,unanchored,none,none,ncc,511.66084701100266,716.7068403912086,299.5,431.5,355.46471950161583,0,56.59054200805258
finfet_unanchored_pose-none_0081,finfet,unanchored,none,none,weighted,511.66084701100266,716.7068403912086,299.5,431.5,355.46471950161583,0,277.16020798834506
finfet_unanchored_pose-none_0081,finfet,unanchored,none,none,selected,511.66084701100266,716.7068403912086,299.5,431.5,355.46471950161583,0,281.9894169952022
finfet_unanchored_pose-none_0082,finfet,unanchored,none,none,ncc,168.7632294779334,116.0564976239753,914.5,585.5,881.1926763380129,0,56.26716700498946
finfet_unanchored_pose-none_0082,finfet,unanchored,none,none,weighted,168.7632294779334,116.0564976239753,914.5,585.5,881.1926763380129,0,274.95662499859463
finfet_unanchored_pose-none_0082,finfet,unanchored,none,none,selected,168.7632294779334,116.0564976239753,914.5,585.5,881.1926763380129,0,279.80112499790266
finfet_unanchored_pose-none_0083,finfet,unanchored,none,none,ncc,605.042449201066,690.623455605982,421.5,468.5,288.1434715364354,0,58.08062499272637
finfet_unanchored_pose-none_0083,finfet,unanchored,none,none,weighted,605.042449201066,690.623455605982,472.5,468.5,258.66258015136214,0,275.34120800555684
finfet_unanchored_pose-none_0083,finfet,unanchored,none,none,selected,605.042449201066,690.623455605982,472.5,468.5,258.66258015136214,0,280.15270800096914
finfet_unanchored_pose-none_0084,finfet,unanchored,none,none,ncc,818.8522153306504,140.52431657922452,97.5,140.5,721.352215740503,0,56.99041600746568
finfet_unanchored_pose-none_0084,finfet,unanchored,none,none,weighted,818.8522153306504,140.52431657922452,97.5,140.5,721.352215740503,0,274.61441700870637
finfet_unanchored_pose-none_0084,finfet,unanchored,none,none,selected,818.8522153306504,140.52431657922452,97.5,140.5,721.352215740503,0,279.44662600930315
finfet_unanchored_pose-none_0085,finfet,unanchored,none,none,ncc,792.033248003639,126.77536301628662,472.5,437.5,445.7031485287214,0,56.74141600320581
finfet_unanchored_pose-none_0085,finfet,unanchored,none,none,weighted,792.033248003639,126.77536301628662,472.5,437.5,445.7031485287214,0,274.255666998215
finfet_unanchored_pose-none_0085,finfet,unanchored,none,none,selected,792.033248003639,126.77536301628662,472.5,437.5,445.7031485287214,0,279.0559999994002
finfet_unanchored_pose-none_0086,finfet,unanchored,none,none,ncc,145.2531245943901,235.25640417332895,207.5,413.5,188.80003429815153,0,55.709540989482775
finfet_unanchored_pose-none_0086,finfet,unanchored,none,none,weighted,145.2531245943901,235.25640417332895,207.5,413.5,188.80003429815153,0,273.2534590031719
finfet_unanchored_pose-none_0086,finfet,unanchored,none,none,selected,145.2531245943901,235.25640417332895,207.5,413.5,188.80003429815153,0,278.0575009965105
finfet_unanchored_pose-none_0087,finfet,unanchored,none,none,ncc,408.813358591022,343.3187992443819,668.5,304.5,262.5719918442383,0,56.08733301050961
finfet_unanchored_pose-none_0087,finfet,unanchored,none,none,weighted,408.813358591022,343.3187992443819,668.5,304.5,262.5719918442383,0,274.3601659894921
finfet_unanchored_pose-none_0087,finfet,unanchored,none,none,selected,408.813358591022,343.3187992443819,668.5,304.5,262.5719918442383,0,279.175290997955
finfet_unanchored_pose-none_0088,finfet,unanchored,none,none,ncc,692.8333747862794,709.2566361741763,202.5,786.5,496.38025311693303,0,56.20512500172481
finfet_unanchored_pose-none_0088,finfet,unanchored,none,none,weighted,692.8333747862794,709.2566361741763,202.5,786.5,496.38025311693303,0,274.1353750025155
finfet_unanchored_pose-none_0088,finfet,unanchored,none,none,selected,692.8333747862794,709.2566361741763,202.5,786.5,496.38025311693303,0,278.9414580038283
finfet_unanchored_pose-none_0089,finfet,unanchored,none,none,ncc,143.42778693787952,818.7512521083663,806.5,861.5,664.4488055383955,0,56.73145801119972
finfet_unanchored_pose-none_0089,finfet,unanchored,none,none,weighted,143.42778693787952,818.7512521083663,806.5,861.5,664.4488055383955,0,272.9537500126753
finfet_unanchored_pose-none_0089,finfet,unanchored,none,none,selected,143.42778693787952,818.7512521083663,806.5,861.5,664.4488055383955,0,277.7728330111131
finfet_unanchored_pose-small_0090,finfet,unanchored,small,none,ncc,177.37657454266233,579.4661304914238,107.5,147.5,437.5813907852458,0,56.1440840101568
finfet_unanchored_pose-small_0090,finfet,unanchored,small,none,weighted,177.37657454266233,579.4661304914238,205.5,853.5,275.4732086742698,0,272.91858299577143
finfet_unanchored_pose-small_0090,finfet,unanchored,small,none,selected,177.37657454266233,579.4661304914238,205.5,853.5,275.4732086742698,0,277.7034989994718
finfet_unanchored_pose-small_0091,finfet,unanchored,small,none,ncc,292.52405759392695,637.0670929008807,52.5,228.5,473.85505972325507,0,55.9244580072118
finfet_unanchored_pose-small_0091,finfet,unanchored,small,none,weighted,292.52405759392695,637.0670929008807,757.5,537.5,475.51680622786444,0,273.02654199593235
finfet_unanchored_pose-small_0091,finfet,unanchored,small,none,selected,292.52405759392695,637.0670929008807,757.5,537.5,475.51680622786444,0,277.8547919879202
finfet_unanchored_pose-small_0092,finfet,unanchored,small,none,ncc,501.70085167411725,685.9543345348617,272.5,602.5,243.9214143137033,0,56.41687499883119
finfet_unanchored_pose-small_0092,finfet,unanchored,small,none,weighted,501.70085167411725,685.9543345348617,272.5,602.5,243.9214143137033,0,273.0490829999326
finfet_unanchored_pose-small_0092,finfet,unanchored,small,none,selected,501.70085167411725,685.9543345348617,272.5,602.5,243.9214143137033,0,277.8767499985406
finfet_unanchored_pose-small_0093,finfet,unanchored,small,none,ncc,629.3361479910936,540.3943261966178,730.5,334.5,229.4048790092294,0,55.91450000065379
finfet_unanchored_pose-small_0093,finfet,unanchored,small,none,weighted,629.3361479910936,540.3943261966178,150.5,176.5,601.4176063776642,0,273.2709999982035
finfet_unanchored_pose-small_0093,finfet,unanchored,small,none,selected,629.3361479910936,540.3943261966178,150.5,176.5,601.4176063776642,0,278.11491600004956
finfet_unanchored_pose-small_0094,finfet,unanchored,small,none,ncc,192.47475818454905,82.9893236094236,208.5,777.5,694.6955361852699,0,56.274290996952914
finfet_unanchored_pose-small_0094,finfet,unanchored,small,none,weighted,192.47475818454905,82.9893236094236,762.5,516.5,716.1426414139703,0,272.49862501048483
finfet_unanchored_pose-small_0094,finfet,unanchored,small,none,selected,192.47475818454905,82.9893236094236,762.5,516.5,716.1426414139703,0,277.3252080223756
finfet_unanchored_pose-small_0095,finfet,unanchored,small,none,ncc,769.2993216681024,517.1907898871896,467.5,946.5,524.775407624073,0,56.493374999263324
finfet_unanchored_pose-small_0095,finfet,unanchored,small,none,weighted,769.2993216681024,517.1907898871896,634.5,573.5,146.0875910736746,0,272.6127920032013
finfet_unanchored_pose-small_0095,finfet,unanchored,small,none,selected,769.2993216681024,517.1907898871896,634.5,573.5,146.0875910736746,0,277.41812499880325
finfet_unanchored_pose-small_0096,finfet,unanchored,small,none,ncc,650.183966123676,378.75834706091297,809.5,344.5,162.95776444658287,0,55.95095800526906
finfet_unanchored_pose-small_0096,finfet,unanchored,small,none,weighted,650.183966123676,378.75834706091297,499.5,904.5,546.9094470585461,0,272.3581250029383
finfet_unanchored_pose-small_0096,finfet,unanchored,small,none,selected,650.183966123676,378.75834706091297,499.5,904.5,546.9094470585461,0,277.1785410150187
finfet_unanchored_pose-small_0097,finfet,unanchored,small,none,ncc,652.0929408103767,607.2773866673987,867.5,893.5,358.2228154817413,0,56.4977500034729
finfet_unanchored_pose-small_0097,finfet,unanchored,small,none,weighted,652.0929408103767,607.2773866673987,867.5,893.5,358.2228154817413,0,272.6847500016447
finfet_unanchored_pose-small_0097,finfet,unanchored,small,none,selected,652.0929408103767,607.2773866673987,867.5,893.5,358.2228154817413,0,277.46745900367387
finfet_unanchored_pose-small_0098,finfet,unanchored,small,none,ncc,330.83415263186197,462.2030636766198,297.5,551.5,95.31583587435031,0,55.56504099513404
finfet_unanchored_pose-small_0098,finfet,unanchored,small,none,weighted,330.83415263186197,462.2030636766198,380.5,372.5,102.53456016274168,0,272.245665997616
finfet_unanchored_pose-small_0098,finfet,unanchored,small,none,selected,330.83415263186197,462.2030636766198,380.5,372.5,102.53456016274168,0,277.0637909998186
finfet_unanchored_pose-large_0099,finfet,unanchored,large,none,ncc,295.97192337385474,873.7959582816245,888.5,737.5,608.0017350585321,0,55.56033299944829
finfet_unanchored_pose-large_0099,finfet,unanchored,large,none,weighted,295.97192337385474,873.7959582816245,367.5,90.5,786.555035586299,0,272.0560000016121
finfet_unanchored_pose-large_0099,finfet,unanchored,large,none,selected,295.97192337385474,873.7959582816245,367.5,90.5,786.555035586299,0,276.88299999863375
finfet_unanchored_pose-large_0100,finfet,unanchored,large,none,ncc,404.2122862439806,406.454331618172,705.5,870.5,553.2744967954574,0,56.41625000862405
finfet_unanchored_pose-large_0100,finfet,unanchored,large,none,weighted,404.2122862439806,406.454331618172,638.5,475.5,244.24994808457146,0,272.5129169994034
finfet_unanchored_pose-large_0100,finfet,unanchored,large,none,selected,404.2122862439806,406.454331618172,638.5,475.5,244.24994808457146,0,277.33904200431425
finfet_unanchored_pose-large_0101,finfet,unanchored,large,none,ncc,423.3937946291411,262.1608039174757,181.5,498.5,338.18459971592284,0,56.30420899251476
finfet_unanchored_pose-large_0101,finfet,unanchored,large,none,weighted,423.3937946291411,262.1608039174757,298.5,110.5,196.46745120187487,0,272.30866700119805
finfet_unanchored_pose-large_0101,finfet,unanchored,large,none,selected,423.3937946291411,262.1608039174757,298.5,110.5,196.46745120187487,0,277.10366700193845
finfet_unanchored_pose-large_0102,finfet,unanchored,large,none,ncc,719.9869881200983,194.239715113287,682.5,718.5,525.5988209535993,0,56.51366700476501
finfet_unanchored_pose-large_0102,finfet,unanchored,large,none,weighted,719.9869881200983,194.239715113287,76.5,838.5,910.5749933762645,0,272.1250409958884
finfet_unanchored_pose-large_0102,finfet,unanchored,large,none,selected,719.9869881200983,194.239715113287,76.5,838.5,910.5749933762645,0,276.93554099823814
finfet_unanchored_pose-large_0103,finfet,unanchored,large,none,ncc,84.73565577336556,349.1366048068561,518.5,928.5,723.7495768648776,0,55.59391599672381
finfet_unanchored_pose-large_0103,finfet,unanchored,large,none,weighted,84.73565577336556,349.1366048068561,733.5,124.5,686.5542793974607,0,272.6097499980824
finfet_unanchored_pose-large_0103,finfet,unanchored,large,none,selected,84.73565577336556,349.1366048068561,733.5,124.5,686.5542793974607,0,277.47220800665673
finfet_unanchored_pose-large_0104,finfet,unanchored,large,none,ncc,691.7249692875209,542.939411131496,852.5,116.5,455.7402570179374,0,55.934042000444606
finfet_unanchored_pose-large_0104,finfet,unanchored,large,none,weighted,691.7249692875209,542.939411131496,583.5,582.5,115.22883393017416,0,272.65587500005495
finfet_unanchored_pose-large_0104,finfet,unanchored,large,none,selected,691.7249692875209,542.939411131496,583.5,582.5,115.22883393017416,0,277.45470800437033
finfet_unanchored_pose-large_0105,finfet,unanchored,large,none,ncc,111.4986524129138,98.61028040453341,65.5,282.5,189.55554594024252,0,55.664958999841474
finfet_unanchored_pose-large_0105,finfet,unanchored,large,none,weighted,111.4986524129138,98.61028040453341,745.5,947.5,1059.5147307976001,0,272.2599589906167
finfet_unanchored_pose-large_0105,finfet,unanchored,large,none,selected,111.4986524129138,98.61028040453341,745.5,947.5,1059.5147307976001,0,277.10154200030956
finfet_unanchored_pose-large_0106,finfet,unanchored,large,none,ncc,248.4988814270499,579.2377520379305,775.5,701.5,540.9974456999581,0,55.877791994134896
finfet_unanchored_pose-large_0106,finfet,unanchored,large,none,weighted,248.4988814270499,579.2377520379305,256.5,342.5,236.87292191888685,0,272.9215419967659
finfet_unanchored_pose-large_0106,finfet,unanchored,large,none,selected,248.4988814270499,579.2377520379305,256.5,342.5,236.87292191888685,0,277.7408749971073
finfet_unanchored_pose-large_0107,finfet,unanchored,large,none,ncc,613.131992058765,581.2666006447517,418.5,836.5,320.9761680860416,0,56.17020798672456
finfet_unanchored_pose-large_0107,finfet,unanchored,large,none,weighted,613.131992058765,581.2666006447517,712.5,316.5,282.79914041451184,0,272.631875006482
finfet_unanchored_pose-large_0107,finfet,unanchored,large,none,selected,613.131992058765,581.2666006447517,712.5,316.5,282.79914041451184,0,277.45970801333897
