case_id,arch,anchored,pose,noise,seed,gt_x,gt_y,pred_x,pred_y,err_px,success_1px,wall_ms,error
dram_anchored_pose-none_0000,dram,anchored,none,low,20260807,531.8194732184453,446.266375344203,531.5,446.5,0.3957822849750225,1,143.51941699896997,
dram_anchored_pose-none_0001,dram,anchored,none,low,20260808,127.76712372639233,709.0552582342465,127.5,709.5,0.518796996336025,1,92.0827919999283,
dram_anchored_pose-none_0002,dram,anchored,none,low,20260809,863.977595873166,497.1548480905214,863.5,497.5,0.5892602639597736,1,89.34954199867207,
dram_anchored_pose-none_0003,dram,anchored,none,low,20260810,232.65846231244757,735.5809719729891,232.5,735.5,0.1779515801446599,1,90.26775000165799,
dram_anchored_pose-none_0004,dram,anchored,none,low,20260811,503.24196628643364,564.1423323810496,503.5,564.5,0.44103007038349057,1,87.7970000001369,
dram_anchored_pose-none_0005,dram,anchored,none,low,20260812,422.4269067090371,119.43962208882554,422.5,119.5,0.09480570310681685,1,86.62112499951036,
dram_anchored_pose-none_0006,dram,anchored,none,low,20260813,822.5367760836219,100.19993813258809,822.5,100.5,0.30230713620636107,1,90.11500000087835,
dram_anchored_pose-none_0007,dram,anchored,none,low,20260814,856.699548287331,361.4823588129435,856.5,361.5,0.20032655954093503,1,93.41729199877591,
dram_anchored_pose-none_0008,dram,anchored,none,low,20260815,91.47238092668637,905.5914305352696,91.5,905.5,0.09551102549128083,1,84.47700000033365,
dram_anchored_pose-none_0009,dram,anchored,none,medium,20260816,533.321272010387,472.6861558680793,533.5,472.5,0.2580653047030139,1,90.37237499978801,
dram_anchored_pose-none_0010,dram,anchored,none,medium,20260817,158.01080438142,695.1538958053641,296.5,79.5,631.0380152759446,0,91.01683300104924,
dram_anchored_pose-none_0011,dram,anchored,none,medium,20260818,140.26158646501844,277.5597503670893,140.5,277.5,0.24578673688730487,1,89.91962500113004,
dram_anchored_pose-none_0012,dram,anchored,none,medium,20260819,684.7645661116504,752.0587068180689,320.5,623.5,386.28488868093604,0,87.91820800070127,
dram_anchored_pose-none_0013,dram,anchored,none,medium,20260820,160.2351067517593,299.2561096088492,584.5,328.5,425.27156590601106,0,89.93295899927034,
dram_anchored_pose-none_0014,dram,anchored,none,medium,20260821,547.4593473261813,590.3574518625045,547.5,590.5,0.148231614010138,1,91.4735419992212,
dram_anchored_pose-none_0015,dram,anchored,none,medium,20260822,295.38384333105387,167.43571485295203,295.5,167.5,0.13275899921150475,1,88.92612499948882,
dram_anchored_pose-none_0016,dram,anchored,none,medium,20260823,891.0634355628795,225.2081604976576,891.5,225.5,0.5251274158581196,1,89.05170900106896,
dram_anchored_pose-none_0017,dram,anchored,none,medium,20260824,90.6062556598273,124.00079407296602,90.5,124.5,0.5103888937184992,1,91.19825000016135,
dram_anchored_pose-none_0018,dram,anchored,none,high,20260825,109.54818884074346,174.1488406861064,109.5,174.5,0.35445031824843287,1,87.7855830003682,
dram_anchored_pose-none_0019,dram,anchored,none,high,20260826,231.23683679779344,180.29016024682034,231.5,180.5,0.336582223253266,1,89.45895900069445,
dram_anchored_pose-none_0020,dram,anchored,none,high,20260827,678.5219564311266,677.7955254860101,678.5,677.5,0.2963400036264374,1,93.54083400103264,
dram_anchored_pose-none_0021,dram,anchored,none,high,20260828,827.729954021984,494.08618833762546,305.5,247.5,577.519586816484,0,88.19804199993087,
dram_anchored_pose-none_0022,dram,anchored,none,high,20260829,662.9662488192854,419.7652230076761,662.5,419.5,0.5364058214503249,1,94.57308299897704,
dram_anchored_pose-none_0023,dram,anchored,none,high,20260830,213.50529312651278,378.59888955464135,213.5,378.5,0.09903111231044551,1,92.35249999983353,
dram_anchored_pose-none_0024,dram,anchored,none,high,20260831,499.15651337698955,907.5884994850786,499.5,907.5,0.3547044108075091,1,91.58504199876916,
dram_anchored_pose-none_0025,dram,anchored,none,high,20260832,546.4402498790027,512.5697836871215,546.5,512.5,0.09186860153203372,1,91.41362499940442,
dram_anchored_pose-none_0026,dram,anchored,none,high,20260833,483.36777765861353,86.48143187212058,483.5,86.5,0.13351974735845518,1,91.3338329992257,
dram_anchored_pose-small_0027,dram,anchored,small,low,20260834,224.039361168415,86.535944556148,224.5,86.5,0.4620391155309888,1,99.50929200022074,
dram_anchored_pose-small_0028,dram,anchored,small,low,20260835,134.3098489097896,145.70598015778063,134.5,145.5,0.2803306306980014,1,98.1342079994647,
dram_anchored_pose-small_0029,dram,anchored,small,low,20260836,694.5492442621131,808.474642587429,694.5,808.5,0.05538949109137475,1,98.84770899952855,
dram_anchored_pose-small_0030,dram,anchored,small,low,20260837,424.7729807558094,745.5237709618125,424.5,745.5,0.2740137800690944,1,99.98920799989719,
dram_anchored_pose-small_0031,dram,anchored,small,low,20260838,666.2059866841,667.0144132874726,49.5,940.5,674.6262966646829,0,96.7707089985197,
dram_anchored_pose-small_0032,dram,anchored,small,low,20260839,570.4252362077422,476.15252164997924,570.5,476.5,0.3554304831692504,1,96.40645900071831,
dram_anchored_pose-small_0033,dram,anchored,small,low,20260840,458.6866462973992,255.1685343678363,458.5,255.5,0.3804028202294482,1,99.90062499855412,
dram_anchored_pose-small_0034,dram,anchored,small,low,20260841,328.8916297670787,887.2243572961602,390.5,870.5,63.838040459637604,0,99.61858300084714,
dram_anchored_pose-small_0035,dram,anchored,small,low,20260842,609.8846431407513,660.9969200914933,482.5,844.5,223.38358857356636,0,99.39066600054502,
dram_anchored_pose-small_0036,dram,anchored,small,medium,20260843,135.79748447778692,673.6411714540867,135.5,673.5,0.32928163321556914,1,96.91633399961574,
dram_anchored_pose-small_0037,dram,anchored,small,medium,20260844,547.6301665186736,438.90449098307107,547.5,438.5,0.42491914286062366,1,98.55779200006509,
dram_anchored_pose-small_0038,dram,anchored,small,medium,20260845,806.503308085577,398.7167938292946,806.5,398.5,0.2168190670822148,1,100.25770799984457,
dram_anchored_pose-small_0039,dram,anchored,small,medium,20260846,111.03808871571891,493.9181990839855,111.5,493.5,0.6230991160260951,1,104.46012499960489,
dram_anchored_pose-small_0040,dram,anchored,small,medium,20260847,284.3758118511194,103.75600264240674,284.5,103.5,0.2845347944305266,1,101.38041599930148,
dram_anchored_pose-small_0041,dram,anchored,small,medium,20260848,700.8851983400242,612.4152746077232,700.5,612.5,0.39440607659348176,1,98.3909999995376,
dram_anchored_pose-small_0042,dram,anchored,small,medium,20260849,811.3424628322523,639.9793228231513,300.5,182.5,685.7458367669833,0,97.812583000632,
dram_anchored_pose-small_0043,dram,anchored,small,medium,20260850,908.4841837538216,828.8418916410936,908.5,828.5,0.3422572831845601,1,99.94691699830582,
dram_anchored_pose-small_0044,dram,anchored,small,medium,20260851,723.339317017613,790.725731586064,723.5,790.5,0.27708080008497454,1,99.93583300092723,
dram_anchored_pose-small_0045,dram,anchored,small,high,20260852,190.71282033502274,524.7743774152493,190.5,524.5,0.34723977450472,1,99.87412500049686,
dram_anchored_pose-small_0046,dram,anchored,small,high,20260853,726.6221950435852,597.6528938037579,726.5,597.5,0.19572466350553133,1,99.98116700080573,
dram_anchored_pose-small_0047,dram,anchored,small,high,20260854,338.36528164328104,255.74814204626614,338.5,255.5,0.2823535208957106,1,99.19616700062761,
dram_anchored_pose-small_0048,dram,anchored,small,high,20260855,465.2562414914341,610.2737942699528,465.5,610.5,0.3325466024551834,1,94.58212499885121,
dram_anchored_pose-small_0049,dram,anchored,small,high,20260856,516.5999980082075,484.47086263791,516.5,484.5,0.10415655291453706,1,97.55683299954399,
dram_anchored_pose-small_0050,dram,anchored,small,high,20260857,696.6344904759969,758.419931058276,696.5,758.5,0.15652068094242444,1,100.24066700134426,
dram_anchored_pose-small_0051,dram,anchored,small,high,20260858,693.978183995131,621.8611031403026,693.5,621.5,0.5992123255873492,1,100.30866599845467,
dram_anchored_pose-small_0052,dram,anchored,small,high,20260859,587.9700272062198,349.1423381552984,336.5,794.5,511.44952981391674,0,99.77216600054817,
dram_anchored_pose-small_0053,dram,anchored,small,high,20260860,384.6346389113667,111.60463043374017,384.5,111.5,0.17051441029623227,1,98.8475419999304,
dram_anchored_pose-large_0054,dram,anchored,large,low,20260861,440.867595758302,785.9346928825228,440.5,785.5,0.5692842380020519,1,98.43858300155262,
dram_anchored_pose-large_0055,dram,anchored,large,low,20260862,297.4499597403164,797.5105062480358,297.5,797.5,0.051131290194874196,1,99.5182910010044,
dram_anchored_pose-large_0056,dram,anchored,large,low,20260863,669.421507838135,852.2950229976549,669.5,852.5,0.21949166490925376,1,101.22708299968508,
dram_anchored_pose-large_0057,dram,anchored,large,low,20260864,492.39571120461363,616.7442996868616,483.5,678.5,62.39311018856208,0,101.39691699987452,
dram_anchored_pose-large_0058,dram,anchored,large,low,20260865,732.1034290123812,295.56486679566314,732.5,295.5,0.4018410748051596,1,94.86691599886399,
dram_anchored_pose-large_0059,dram,anchored,large,low,20260866,885.7171437648049,741.9554325312993,885.5,742.5,0.5862637141771211,1,99.86362499876122,
dram_anchored_pose-large_0060,dram,anchored,large,low,20260867,260.2983510414417,393.5024622276527,260.5,393.5,0.20166399047091374,1,99.55375000026834,
dram_anchored_pose-large_0061,dram,anchored,large,low,20260868,319.52808765738564,669.1468726761681,254.5,653.5,66.88405496768901,0,99.51866699884704,
dram_anchored_pose-large_0062,dram,anchored,large,low,20260869,636.0699350692969,309.8968596111385,635.5,310.5,0.8298218555150598,1,99.873082999693,
dram_anchored_pose-large_0063,dram,anchored,large,medium,20260870,311.5032958479918,577.3403438308851,311.5,577.5,0.1596901842644985,1,101.33612500067102,
dram_anchored_pose-large_0064,dram,anchored,large,medium,20260871,188.69308264527194,95.41558849302875,236.5,71.5,53.45518421939717,0,101.21604199957801,
dram_anchored_pose-large_0065,dram,anchored,large,medium,20260872,109.66890153979473,608.14169610067,49.5,648.5,72.4505997638128,0,101.12141700119537,
dram_anchored_pose-large_0066,dram,anchored,large,medium,20260873,275.58056969576035,635.1867088911124,275.5,635.5,0.3234853857331656,1,99.68091699920478,
dram_anchored_pose-large_0067,dram,anchored,large,medium,20260874,841.5186320560837,871.9580082477297,841.5,871.5,0.45838707279148155,1,98.58112500114657,
dram_anchored_pose-large_0068,dram,anchored,large,medium,20260875,890.5881218953368,896.5449761886151,925.5,942.5,57.71224693511604,0,100.03949999918405,
dram_anchored_pose-large_0069,dram,anchored,large,medium,20260876,744.6453260792088,609.6186351991138,744.5,609.5,0.18760058573191327,1,97.88099999968836,
dram_anchored_pose-large_0070,dram,anchored,large,medium,20260877,315.0893429922634,605.5635688835313,314.5,605.5,0.592761474358296,1,101.76962500008813,
dram_anchored_pose-large_0071,dram,anchored,large,medium,20260878,642.6595424675035,200.43568296168164,644.5,199.5,2.0646516736981524,0,100.44891599864059,
dram_anchored_pose-large_0072,dram,anchored,large,high,20260879,611.4570519235917,332.59931164337826,611.5,332.5,0.10820046107877916,1,98.64100000049802,
dram_anchored_pose-large_0073,dram,anchored,large,high,20260880,474.0562323511227,870.1830398166439,487.5,833.5,39.06891729734119,0,100.27845799959323,
dram_anchored_pose-large_0074,dram,anchored,large,high,20260881,112.27851403645602,520.1049094199726,182.5,800.5,289.0544307086642,0,99.12083400013216,
dram_anchored_pose-large_0075,dram,anchored,large,high,20260882,456.00474213337066,342.52256504134317,455.5,342.5,0.5052462788486218,1,96.59041699887894,
dram_anchored_pose-large_0076,dram,anchored,large,high,20260883,638.2700100790312,340.95883567960925,638.5,340.5,0.5132499825910636,1,99.44499999983236,
dram_anchored_pose-large_0077,dram,anchored,large,high,20260884,797.688472655356,127.79975552522878,797.5,127.5,0.35408377076918357,1,98.39295799974934,
dram_anchored_pose-large_0078,dram,anchored,large,high,20260885,175.91665666819347,294.08338826409107,175.5,293.5,0.7168993275413739,1,98.68533299959381,
dram_anchored_pose-large_0079,dram,anchored,large,high,20260886,178.0854054174877,519.9734448191341,63.5,811.5,313.23720645911857,0,97.54987499945855,
dram_anchored_pose-large_0080,dram,anchored,large,high,20260887,557.2973264467571,605.4642698094735,557.5,605.5,0.20579896914018128,1,98.66262499963341,
dram_unanchored_pose-none_0081,dram,unanchored,none,low,20260888,511.66084701100266,716.7068403912086,406.5,581.5,171.28833419893274,0,86.19654099857144,
dram_unanchored_pose-none_0082,dram,unanchored,none,low,20260889,168.7632294779334,116.0564976239753,509.5,267.5,372.87622771869553,0,90.52058300039789,
dram_unanchored_pose-none_0083,dram,unanchored,none,low,20260890,605.042449201066,690.623455605982,690.5,844.5,176.01415824642223,0,89.383500000622,
dram_unanchored_pose-none_0084,dram,unanchored,none,low,20260891,818.8522153306504,140.52431657922452,387.5,442.5,526.5491876815538,0,87.65820799999346,
dram_unanchored_pose-none_0085,dram,unanchored,none,low,20260892,792.033248003639,126.77536301628662,343.5,608.5,658.210225111844,0,87.49587500096823,
dram_unanchored_pose-none_0086,dram,unanchored,none,low,20260893,145.2531245943901,235.25640417332895,345.5,435.5,283.1895280184369,0,85.39158299936389,
dram_unanchored_pose-none_0087,dram,unanchored,none,low,20260894,408.813358591022,343.3187992443819,770.5,428.5,371.58183962066227,0,90.56654200139747,
dram_unanchored_pose-none_0088,dram,unanchored,none,low,20260895,692.8333747862794,709.2566361741763,422.5,786.5,281.15239778182143,0,90.42279200002667,
dram_unanchored_pose-none_0089,dram,unanchored,none,low,20260896,143.42778693787952,818.7512521083663,49.5,161.5,663.9289401412345,0,91.29870799915807,
dram_unanchored_pose-none_0090,dram,unanchored,none,medium,20260897,176.19053097435793,579.758267656708,727.5,906.5,640.860585690859,0,91.50029199918208,
dram_unanchored_pose-none_0091,dram,unanchored,none,medium,20260898,293.38293214312614,636.4996852474435,831.5,429.5,576.5577580879648,0,89.01274999880116,
dram_unanchored_pose-none_0092,dram,unanchored,none,medium,20260899,501.6994415620071,685.8001667946323,838.5,559.5,359.70313912516224,0,89.45187500103202,
dram_unanchored_pose-none_0093,dram,unanchored,none,medium,20260900,629.100238395367,540.3206468014084,108.5,168.5,639.7462009305962,0,90.2650830012135,
dram_unanchored_pose-none_0094,dram,unanchored,none,medium,20260901,192.72850426223224,83.3334086115569,262.5,327.5,253.93972900618814,0,92.32024999982968,
dram_unanchored_pose-none_0095,dram,unanchored,none,medium,20260902,768.9617221174226,517.169239135016,831.5,329.5,197.81501337874812,0,91.69091699914134,
dram_unanchored_pose-none_0096,dram,unanchored,none,medium,20260903,650.4389301340232,378.5525177779853,455.5,508.5,234.28088828933184,0,89.68216600078449,
dram_unanchored_pose-none_0097,dram,unanchored,none,medium,20260904,651.5458252142881,606.8914836068054,863.5,783.5,275.88972483892434,0,86.21662500081584,
dram_unanchored_pose-none_0098,dram,unanchored,none,medium,20260905,331.56123969009116,462.3655176451306,115.5,619.5,267.1585762077493,0,91.18304199910199,
dram_unanchored_pose-none_0099,dram,unanchored,none,high,20260906,295.7968640407147,874.1166811559921,526.5,909.5,233.40076305330538,0,92.42512499986333,
dram_unanchored_pose-none_0100,dram,unanchored,none,high,20260907,404.2022208210335,406.4445017905228,780.5,505.5,389.11696228839725,0,86.78629099995305,
dram_unanchored_pose-none_0101,dram,unanchored,none,high,20260908,423.5814104413642,262.7432945099216,147.5,299.5,278.51750499704207,0,91.23620799982746,
dram_unanchored_pose-none_0102,dram,unanchored,none,high,20260909,720.1169260312367,194.05911419199282,188.5,607.5,673.461151144304,0,89.03912500136357,
dram_unanchored_pose-none_0103,dram,unanchored,none,high,20260910,87.43433256651984,350.11702017168216,275.5,893.5,575.0076156315693,0,91.79200000107812,
dram_unanchored_pose-none_0104,dram,unanchored,none,high,20260911,691.9673667274584,542.9936993307292,592.5,211.5,346.0951166076554,0,89.53445800034388,
dram_unanchored_pose-none_0105,dram,unanchored,none,high,20260912,114.12951775229085,101.32842361671179,301.5,663.5,592.5745344773181,0,91.5629170012835,
dram_unanchored_pose-none_0106,dram,unanchored,none,high,20260913,247.86881229578282,579.4362611414819,231.5,923.5,344.4528914282433,0,89.03604199986148,
dram_unanchored_pose-none_0107,dram,unanchored,none,high,20260914,613.2098214567837,581.3225081779976,92.5,648.5,525.0252694576241,0,88.15649999996822,
dram_unanchored_pose-small_0108,dram,unanchored,small,low,20260915,285.87752268532034,588.3774716520662,435.5,745.5,216.96629837887053,0,98.5720830012724,
dram_unanchored_pose-small_0109,dram,unanchored,small,low,20260916,221.35093499881472,639.8166384279037,49.5,194.5,477.3255202906034,0,99.21645900067233,
dram_unanchored_pose-small_0110,dram,unanchored,small,low,20260917,134.52321481222583,777.2756008172083,467.5,307.5,575.8147745561538,0,97.60033400016255,
dram_unanchored_pose-small_0111,dram,unanchored,small,low,20260918,897.7542274121029,903.1664855454311,695.5,902.5,202.25532553940053,0,100.12500000084401,
dram_unanchored_pose-small_0112,dram,unanchored,small,low,20260919,911.2610620030902,565.1305090834181,486.5,137.5,602.7352753016338,0,98.31033299997216,
dram_unanchored_pose-small_0113,dram,unanchored,small,low,20260920,851.5275420792397,735.9835877426102,365.5,780.5,488.061965963193,0,99.80183299921919,
dram_unanchored_pose-small_0114,dram,unanchored,small,low,20260921,560.2093676043079,911.0648353934271,784.5,720.5,294.31487266018934,0,99.17674999996962,
dram_unanchored_pose-small_0115,dram,unanchored,small,low,20260922,606.2960494921679,809.7142601747056,372.5,934.5,265.01334612032326,0,99.8143329998129,
dram_unanchored_pose-small_0116,dram,unanchored,small,low,20260923,331.7364823777355,914.3716617487833,918.5,587.5,671.6669627626958,0,99.81500000139931,
dram_unanchored_pose-small_0117,dram,unanchored,small,medium,20260924,115.26294833224934,606.6441742650118,250.5,937.5,357.4278074892422,0,99.09808399970643,
dram_unanchored_pose-small_0118,dram,unanchored,small,medium,20260925,508.73167506105744,354.41891168453924,642.5,276.5,154.8073691885291,0,98.70049999881303,
dram_unanchored_pose-small_0119,dram,unanchored,small,medium,20260926,898.6487968495994,326.2126616834731,575.5,224.5,338.7781138917925,0,100.130208000337,
dram_unanchored_pose-small_0120,dram,unanchored,small,medium,20260927,100.06184317177792,837.8899135588762,943.5,419.5,941.5083877276891,0,99.43224999915401,
dram_unanchored_pose-small_0121,dram,unanchored,small,medium,20260928,732.5581412007315,341.70648161564617,677.5,761.5,423.3887067341245,0,93.84958400005416,
dram_unanchored_pose-small_0122,dram,unanchored,small,medium,20260929,78.26287074809981,533.2919767995284,899.5,780.5,857.6375861613035,0,97.91104100077064,
dram_unanchored_pose-small_0123,dram,unanchored,small,medium,20260930,211.60542547514697,405.296491321445,175.5,145.5,262.2933827828583,0,95.81379199880757,
dram_unanchored_pose-small_0124,dram,unanchored,small,medium,20260931,175.2836063119479,269.8542574779711,875.5,399.5,712.1172772399146,0,95.07995800049684,
dram_unanchored_pose-small_0125,dram,unanchored,small,medium,20260932,690.2068776250529,565.9880490765531,714.5,51.5,515.0612666832188,0,100.03099999994447,
dram_unanchored_pose-small_0126,dram,unanchored,small,high,20260933,796.9183896433958,347.00696517169666,289.5,634.5,583.2029382839949,0,97.81979099898308,
dram_unanchored_pose-small_0127,dram,unanchored,small,high,20260934,274.30394506298785,349.99204447888866,766.5,839.5,694.172165254425,0,94.60429200044018,
dram_unanchored_pose-small_0128,dram,unanchored,small,high,20260935,673.5877859848301,886.9388590388442,595.5,555.5,340.5134646397752,0,96.54754199982563,
dram_unanchored_pose-small_0129,dram,unanchored,small,high,20260936,773.3124178625667,456.640285646837,95.5,771.5,747.372941396231,0,99.31104099996446,
dram_unanchored_pose-small_0130,dram,unanchored,small,high,20260937,210.2592610510008,326.9764359096142,551.5,376.5,344.8156396085792,0,98.04458399958094,
dram_unanchored_pose-small_0131,dram,unanchored,small,high,20260938,281.29881648045193,899.2085802240562,374.5,196.5,708.8623345403205,0,99.29025000019465,
dram_unanchored_pose-small_0132,dram,unanchored,small,high,20260939,519.1941440445112,598.1157002907307,583.5,214.5,388.96818458546943,0,98.42408300028183,
dram_unanchored_pose-small_0133,dram,unanchored,small,high,20260940,579.7556576917699,422.675888007172,615.5,62.5,361.9452006986732,0,95.920332998503,
dram_unanchored_pose-small_0134,dram,unanchored,small,high,20260941,315.92551013925294,801.4329522834616,596.5,250.5,618.2630203015457,0,96.89724999952887,
dram_unanchored_pose-large_0135,dram,unanchored,large,low,20260942,550.6844719229696,901.5591152151263,816.5,949.5,270.1040973417972,0,97.06287500011967,
dram_unanchored_pose-large_0136,dram,unanchored,large,low,20260943,599.37805699005,545.0475621525604,83.5,242.5,598.0511659116523,0,98.27854099967226,
dram_unanchored_pose-large_0137,dram,unanchored,large,low,20260944,487.67981727320364,877.2269536991357,88.5,179.5,803.8454008306225,0,99.8725839999679,
dram_unanchored_pose-large_0138,dram,unanchored,large,low,20260945,584.5216224332506,136.09616755344067,284.5,678.5,619.8507008790062,0,96.11508300076821,
dram_unanchored_pose-large_0139,dram,unanchored,large,low,20260946,197.73170472107776,887.6041102898503,503.5,617.5,407.9834320082738,0,98.50895800082071,
dram_unanchored_pose-large_0140,dram,unanchored,large,low,20260947,840.461259445937,779.7516583837908,492.5,648.5,371.8925058450331,0,101.1194170005183,
dram_unanchored_pose-large_0141,dram,unanchored,large,low,20260948,317.0750236611064,164.78502190205407,757.5,787.5,762.7241334392405,0,97.04224999950384,
dram_unanchored_pose-large_0142,dram,unanchored,large,low,20260949,903.6277797101542,838.6899725239753,253.5,904.5,653.4501432146525,0,97.24595899933774,
dram_unanchored_pose-large_0143,dram,unanchored,large,low,20260950,390.2597873969239,157.65257497249985,712.5,578.5,530.0484032338491,0,94.49074999974982,
dram_unanchored_pose-large_0144,dram,unanchored,large,medium,20260951,460.30045802916226,234.52356865680127,387.5,680.5,451.87928034251655,0,98.82179200030805,
dram_unanchored_pose-large_0145,dram,unanchored,large,medium,20260952,203.32886498608224,433.0616509531273,879.5,240.5,703.0557540080331,0,95.59216699926765,
dram_unanchored_pose-large_0146,dram,unanchored,large,medium,20260953,783.5072272818086,170.0707046377794,724.5,949.5,781.6596953536333,0,100.5124170005729,
dram_unanchored_pose-large_0147,dram,unanchored,large,medium,20260954,767.5549191053243,878.3436100998532,695.5,457.5,426.96751109323543,0,100.76920900064579,
dram_unanchored_pose-large_0148,dram,unanchored,large,medium,20260955,208.38199594577372,437.54354484039686,418.5,525.5,227.7847967533723,0,95.5218330000207,
dram_unanchored_pose-large_0149,dram,unanchored,large,medium,20260956,659.3021476431815,438.5101120537304,77.5,764.5,666.9056500326262,0,101.31237499990675,
dram_unanchored_pose-large_0150,dram,unanchored,large,medium,20260957,214.24385411243674,423.3155978743154,101.5,606.5,215.09928363960427,0,99.9788749995787,
dram_unanchored_pose-large_0151,dram,unanchored,large,medium,20260958,112.71828778892463,881.6213336254212,456.5,716.5,381.3802832725052,0,98.23708300064027,
dram_unanchored_pose-large_0152,dram,unanchored,large,medium,20260959,440.0676961332741,669.6884581920888,336.5,724.5,117.17752684587009,0,98.36304199961887,
dram_unanchored_pose-large_0153,dram,unanchored,large,high,20260960,568.8366204055503,347.95544866655973,212.5,369.5,356.98733133573313,0,100.59995899973728,
dram_unanchored_pose-large_0154,dram,unanchored,large,high,20260961,305.819457214335,453.91872603904636,795.5,93.5,608.0203056333503,0,98.18383299898414,
dram_unanchored_pose-large_0155,dram,unanchored,large,high,20260962,196.9252870267626,776.212463842222,364.5,563.5,270.79120499361034,0,100.30004200052645,
dram_unanchored_pose-large_0156,dram,unanchored,large,high,20260963,362.31099112759074,93.64724516221557,480.5,504.5,427.5144769198337,0,99.97445800036076,
dram_unanchored_pose-large_0157,dram,unanchored,large,high,20260964,101.97039169904741,665.4194629053095,949.5,65.5,1038.3688164228358,0,97.48845800095296,
dram_unanchored_pose-large_0158,dram,unanchored,large,high,20260965,362.1293214475191,509.2893255996131,625.5,106.5,481.2518624776276,0,96.92858400012483,
dram_unanchored_pose-large_0159,dram,unanchored,large,high,20260966,416.1653736242952,669.6292552943829,804.5,467.5,437.78992437951337,0,99.46241699981329,
dram_unanchored_pose-large_0160,dram,unanchored,large,high,20260967,381.7747040681378,426.44269334322115,307.5,553.5,147.17435523651594,0,96.4456669989886,
dram_unanchored_pose-large_0161,dram,unanchored,large,high,20260968,264.91968058414886,183.7408011799167,474.5,507.5,385.67334508243164,0,97.77504200064868,
finfet_anchored_pose-none_0162,finfet,anchored,none,low,20260969,332.11882866780456,271.1759645107349,332.5,271.5,0.5002904984015946,1,92.8288329996576,
finfet_anchored_pose-none_0163,finfet,anchored,none,low,20260970,410.25810813579454,833.7013979803629,410.5,833.5,0.31475835249132167,1,90.10791600121593,
finfet_anchored_pose-none_0164,finfet,anchored,none,low,20260971,804.2665390924888,831.0233282252316,804.5,831.5,0.5307729987450838,1,91.51141700021981,
finfet_anchored_pose-none_0165,finfet,anchored,none,low,20260972,466.26405856063934,533.4296036836707,466.5,533.5,0.24621942279257603,1,91.39637500084064,
finfet_anchored_pose-none_0166,finfet,anchored,none,low,20260973,704.4728893627434,157.21718414530818,704.5,157.5,0.28411229173958763,1,92.74333299981663,
finfet_anchored_pose-none_0167,finfet,anchored,none,low,20260974,891.8107397316909,269.786471156501,891.5,269.5,0.422640396032322,1,89.30462500029535,
finfet_anchored_pose-none_0168,finfet,anchored,none,low,20260975,481.9114491807674,269.07678253662664,481.5,269.5,0.5902571047080789,1,89.33925000019372,
finfet_anchored_pose-none_0169,finfet,anchored,none,low,20260976,376.4265687599748,911.1313333029236,376.5,911.5,0.37590860663842274,1,91.09416699902795,
finfet_anchored_pose-none_0170,finfet,anchored,none,low,20260977,251.1400247333072,328.2557152179731,251.5,328.5,0.43503706435255257,1,92.87733299970569,
finfet_anchored_pose-none_0171,finfet,anchored,none,medium,20260978,814.3867322034117,127.6903956781285,814.5,127.5,0.22154030783126738,1,90.65312500024447,
finfet_anchored_pose-none_0172,finfet,anchored,none,medium,20260979,599.8376609303036,432.77630920082976,599.5,432.5,0.43630457058881533,1,93.18454099957307,
finfet_anchored_pose-none_0173,finfet,anchored,none,medium,20260980,392.69830030175524,596.6396520439564,392.5,596.5,0.24254010608025217,1,92.21845899992331,
finfet_anchored_pose-none_0174,finfet,anchored,none,medium,20260981,503.14051916204056,354.11319843188215,503.5,354.5,0.5280548512782027,1,89.02337499966961,
finfet_anchored_pose-none_0175,finfet,anchored,none,medium,20260982,342.61854350943673,510.06188937129156,342.5,510.5,0.4538650533108763,1,91.93954200054577,
finfet_anchored_pose-none_0176,finfet,anchored,none,medium,20260983,627.5769757591028,414.03814070529575,627.5,414.5,0.46822993880588015,1,91.45058300055098,
finfet_anchored_pose-none_0177,finfet,anchored,none,medium,20260984,500.8743603834423,93.54191503341268,500.5,93.5,0.3766995709010804,1,92.07787499872211,
finfet_anchored_pose-none_0178,finfet,anchored,none,medium,20260985,105.50322646875156,118.63749011450454,105.5,118.5,0.13752796692701266,1,91.51470799952222,
finfet_anchored_pose-none_0179,finfet,anchored,none,medium,20260986,554.5699733441438,560.5464510550033,554.5,560.5,0.0839879122349861,1,97.1019590015203,
finfet_anchored_pose-none_0180,finfet,anchored,none,high,20260987,863.0120161059291,373.69115626446427,863.5,373.5,0.524088731339017,1,92.47633300037705,
finfet_anchored_pose-none_0181,finfet,anchored,none,high,20260988,864.0179955803608,589.5606649479756,864.5,589.5,0.4858070568287691,1,89.62333400086209,
finfet_anchored_pose-none_0182,finfet,anchored,none,high,20260989,623.3913578942297,82.57591623598634,623.5,82.5,0.13253822857023526,1,93.01491699989128,
finfet_anchored_pose-none_0183,finfet,anchored,none,high,20260990,882.823403732201,468.5053454162864,882.5,468.5,0.32344790535230433,1,90.9838329989725,
finfet_anchored_pose-none_0184,finfet,anchored,none,high,20260991,264.9040720367409,674.5256178875576,264.5,674.5,0.404883300518621,1,90.46945899899583,
finfet_anchored_pose-none_0185,finfet,anchored,none,high,20260992,198.01201325673446,483.4137227512912,198.5,483.5,0.49555506782563524,1,93.6109590002161,
finfet_anchored_pose-none_0186,finfet,anchored,none,high,20260993,514.508678439848,609.2654319950655,514.5,609.5,0.23472849051013944,1,93.66583300106868,
finfet_anchored_pose-none_0187,finfet,anchored,none,high,20260994,705.1132666116574,323.8931612891703,705.5,323.5,0.5514875456082096,1,95.04374999960419,
finfet_anchored_pose-none_0188,finfet,anchored,none,high,20260995,183.30805469608683,110.83198859156934,183.5,110.5,0.3834832781576212,1,94.63954199964064,
finfet_anchored_pose-small_0189,finfet,anchored,small,low,20260996,229.3097180053912,194.988677127097,229.5,194.5,0.5244164108988878,1,98.37833400160889,
finfet_anchored_pose-small_0190,finfet,anchored,small,low,20260997,309.6695540663903,535.0180186574872,312.5,536.5,3.1949480250301048,0,100.99595800056704,
finfet_anchored_pose-small_0191,finfet,anchored,small,low,20260998,161.19142496339254,487.2784759570239,161.5,487.5,0.37985715056292074,1,84.37620800032164,
finfet_anchored_pose-small_0192,finfet,anchored,small,low,20260999,187.20418651145988,553.4690285721961,187.5,553.5,0.29743041092411787,1,93.20233300059044,
finfet_anchored_pose-small_0193,finfet,anchored,small,low,20261000,160.91210081818642,668.3266236820411,161.5,666.5,1.918900602889746,0,101.19595800097159,
finfet_anchored_pose-small_0194,finfet,anchored,small,low,20261001,346.0500746973766,537.1196438733052,335.5,109.5,427.7497678578594,0,97.3315420014842,
finfet_anchored_pose-small_0195,finfet,anchored,small,low,20261002,851.017058309851,646.6328099654992,851.5,645.5,1.2314589290829903,0,100.14916700129106,
finfet_anchored_pose-small_0196,finfet,anchored,small,low,20261003,908.2083622771224,424.01560831005196,908.5,424.5,0.5654094717069491,1,96.02220900160319,
finfet_anchored_pose-small_0197,finfet,anchored,small,low,20261004,152.55359378194532,879.3058890990378,152.5,879.5,0.20137362125053726,1,99.3531250005617,
finfet_anchored_pose-small_0198,finfet,anchored,small,medium,20261005,607.6944416021408,719.9100351759157,607.5,719.5,0.4538021398487715,1,97.9168750000099,
finfet_anchored_pose-small_0199,finfet,anchored,small,medium,20261006,540.7937875593735,256.66648143324636,540.5,256.5,0.3376791341768338,1,98.45420800047577,
finfet_anchored_pose-small_0200,finfet,anchored,small,medium,20261007,356.0202219463281,439.8943290645515,355.5,440.5,0.7984160290778338,1,97.43066699957126,
finfet_anchored_pose-small_0201,finfet,anchored,small,medium,20261008,721.7858590379234,169.1852727927063,721.5,169.5,0.4251689129903375,1,100.88474999975006,
finfet_anchored_pose-small_0202,finfet,anchored,small,medium,20261009,880.6686677549079,421.2329014302922,880.5,421.5,0.31589627646686175,1,95.26487499897485,
finfet_anchored_pose-small_0203,finfet,anchored,small,medium,20261010,699.3006158393528,167.34173631793044,699.5,167.5,0.254561262919596,1,100.01150000061898,
finfet_anchored_pose-small_0204,finfet,anchored,small,medium,20261011,451.08155838413165,186.57496650202384,450.5,187.5,1.0926559964288067,0,97.17016700051317,
finfet_anchored_pose-small_0205,finfet,anchored,small,medium,20261012,593.7615684579839,715.6146237272992,593.5,715.5,0.28558126176632126,1,97.64829199957603,
finfet_anchored_pose-small_0206,finfet,anchored,small,medium,20261013,728.7510567301365,402.3319109056472,728.5,402.5,0.30213147036874083,1,96.65379199941526,
finfet_anchored_pose-small_0207,finfet,anchored,small,high,20261014,580.8831641942744,421.4140777824384,580.5,420.5,0.9911372216406265,1,98.45874999882653,
finfet_anchored_pose-small_0208,finfet,anchored,small,high,20261015,82.1592325196313,723.5539816109181,82.5,723.5,0.34501665176356433,1,97.60100000130478,
finfet_anchored_pose-small_0209,finfet,anchored,small,high,20261016,687.7205890630082,294.92502711877614,687.5,295.5,0.6158354884721309,1,97.3165000013978,
finfet_anchored_pose-small_0210,finfet,anchored,small,high,20261017,539.8610762431332,649.2509671302225,539.5,648.5,0.833263274139604,1,98.64000000015949,
finfet_anchored_pose-small_0211,finfet,anchored,small,high,20261018,802.1578661574454,727.1946562605046,801.5,725.5,1.8178690058360967,0,99.67895900081203,
finfet_anchored_pose-small_0212,finfet,anchored,small,high,20261019,418.54890110349606,886.5612510036432,418.5,886.5,0.07837731413125511,1,97.68683299989789,
finfet_anchored_pose-small_0213,finfet,anchored,small,high,20261020,679.2801696305551,832.6443656586272,679.5,833.5,0.8834226154377055,1,100.66850000112026,
finfet_anchored_pose-small_0214,finfet,anchored,small,high,20261021,124.45270795473118,319.89655392650025,124.5,320.5,0.6052963746529284,1,97.5771249995887,
finfet_anchored_pose-small_0215,finfet,anchored,small,high,20261022,200.35019416696434,312.54609373496976,200.5,312.5,0.1567367857746532,1,98.41854200021771,
finfet_anchored_pose-large_0216,finfet,anchored,large,low,20261023,873.7668774263648,299.00593561107536,873.5,299.5,0.5615364468194063,1,99.1068749990518,
finfet_anchored_pose-large_0217,finfet,anchored,large,low,20261024,623.0410203330567,111.96868356329836,623.5,113.5,1.5986220203600257,0,91.6601669996453,
finfet_anchored_pose-large_0218,finfet,anchored,large,low,20261025,149.8451937123697,539.8085441124008,153.5,538.5,3.8819964830227134,0,101.40775000036228,
finfet_anchored_pose-large_0219,finfet,anchored,large,low,20261026,94.62303726372397,527.4463232405518,94.5,525.5,1.9502082773326452,0,98.99454200058244,
finfet_anchored_pose-large_0220,finfet,anchored,large,low,20261027,400.9301709325213,196.02282380566078,400.5,165.5,30.525854944662868,0,101.64391699981934,
finfet_anchored_pose-large_0221,finfet,anchored,large,low,20261028,550.5769549465683,133.18770864154894,545.5,135.5,5.578724124372167,0,99.97425000074145,
finfet_anchored_pose-large_0222,finfet,anchored,large,low,20261029,757.7234674977022,494.98234246222455,757.5,495.5,0.5638324653166428,1,97.26399999999558,
finfet_anchored_pose-large_0223,finfet,anchored,large,low,20261030,904.6858266762749,291.0345514238302,904.5,291.5,0.5011725557868262,1,95.26508300041314,
finfet_anchored_pose-large_0224,finfet,anchored,large,low,20261031,825.0469581545497,657.5762191910344,825.5,657.5,0.45940861856411735,1,96.42433400040318,
finfet_anchored_pose-large_0225,finfet,anchored,large,medium,20261032,477.63814013697174,419.16921549226106,473.5,422.5,5.312092735467845,0,100.93304200017883,
finfet_anchored_pose-large_0226,finfet,anchored,large,medium,20261033,174.76560379479224,224.14664382633325,177.5,224.5,2.7571331474056526,0,101.37833400040108,
finfet_anchored_pose-large_0227,finfet,anchored,large,medium,20261034,575.0859012386105,353.4949830829568,575.5,355.5,2.047332562583235,0,99.67716699975426,
finfet_anchored_pose-large_0228,finfet,anchored,large,medium,20261035,658.9674127205811,831.0424303927442,655.5,834.5,4.8967069101455065,0,101.38237499995739,
finfet_anchored_pose-large_0229,finfet,anchored,large,medium,20261036,874.6698997772772,454.19882661406444,874.5,454.5,0.345790894493684,1,96.35720799997216,
finfet_anchored_pose-large_0230,finfet,anchored,large,medium,20261037,450.81336440555873,212.3350961990965,446.5,216.5,5.995959987018037,0,101.44025000045076,
finfet_anchored_pose-large_0231,finfet,anchored,large,medium,20261038,360.7716661730363,264.87639096151605,357.5,269.5,5.664058623331896,0,99.10275000038382,
finfet_anchored_pose-large_0232,finfet,anchored,large,medium,20261039,500.8355365398028,868.1608618756165,501.5,869.5,1.4949256189237319,0,95.76300000117044,
finfet_anchored_pose-large_0233,finfet,anchored,large,medium,20261040,861.96733460045,329.4843837499367,861.5,329.5,0.4675954405721283,1,97.19754199977615,
finfet_anchored_pose-large_0234,finfet,anchored,large,high,20261041,856.4786023262826,564.8930173236533,860.5,567.5,4.792493914962357,0,101.3347080006497,
finfet_anchored_pose-large_0235,finfet,anchored,large,high,20261042,366.65560767136907,457.2121340381944,366.5,457.5,0.32723166007458937,1,97.12562499953492,
finfet_anchored_pose-large_0236,finfet,anchored,large,high,20261043,113.15602133138503,384.92074893659105,113.5,384.5,0.5434620429290593,1,100.19787499913946,
finfet_anchored_pose-large_0237,finfet,anchored,large,high,20261044,281.80229777747707,535.259272869632,277.5,538.5,5.386286150919501,0,100.97100000166392,
finfet_anchored_pose-large_0238,finfet,anchored,large,high,20261045,374.38915885042104,337.95630908920185,377.5,335.5,3.9636835140572684,0,101.5577910002321,
finfet_anchored_pose-large_0239,finfet,anchored,large,high,20261046,784.1951847966088,322.6315689423991,784.5,323.5,0.9203721041101914,1,101.18087500086403,
finfet_anchored_pose-large_0240,finfet,anchored,large,high,20261047,509.6172498340654,410.39582028240636,509.5,410.5,0.15684685889825273,1,98.05300000152783,
finfet_anchored_pose-large_0241,finfet,anchored,large,high,20261048,379.36524178784515,914.15096650371,382.5,918.5,5.361044804935355,0,99.54745899995032,
finfet_anchored_pose-large_0242,finfet,anchored,large,high,20261049,338.59747687160115,361.38263776882224,338.5,361.5,0.15256354021904878,1,91.48850000019593,
finfet_unanchored_pose-none_0243,finfet,unanchored,none,low,20261050,788.7501342508828,673.0813589813914,255.5,309.5,645.404609742865,0,88.25808300025528,
finfet_unanchored_pose-none_0244,finfet,unanchored,none,low,20261051,414.21733536372295,678.5398937360881,66.5,718.5,350.00593624261705,0,86.07833400128584,
finfet_unanchored_pose-none_0245,finfet,unanchored,none,low,20261052,816.34204276263,628.7653709069572,236.5,168.5,740.3114251524546,0,85.56108300035703,
finfet_unanchored_pose-none_0246,finfet,unanchored,none,low,20261053,362.9360011420558,87.12481783548235,113.5,396.5,397.40573977368285,0,89.5360829999845,
finfet_unanchored_pose-none_0247,finfet,unanchored,none,low,20261054,438.6681894233458,883.1269290791691,729.5,698.5,344.4854786264574,0,86.39433400094276,
finfet_unanchored_pose-none_0248,finfet,unanchored,none,low,20261055,556.9354231078262,482.45463774931056,50.5,814.5,605.5831572712326,0,85.57933299925935,
finfet_unanchored_pose-none_0249,finfet,unanchored,none,low,20261056,775.3620174747427,753.8819924481694,444.5,888.5,357.19977962574626,0,87.81408399954671,
finfet_unanchored_pose-none_0250,finfet,unanchored,none,low,20261057,594.6677633591017,842.9611806374041,464.5,162.5,692.7994406553465,0,87.49620799972035,
finfet_unanchored_pose-none_0251,finfet,unanchored,none,low,20261058,448.1655519787194,260.14136931034955,603.5,355.5,182.26919429536377,0,87.7899580009398,
finfet_unanchored_pose-none_0252,finfet,unanchored,none,medium,20261059,772.7360006198239,401.99426422707336,753.5,754.5,353.0301934291998,0,84.43441700001131,
finfet_unanchored_pose-none_0253,finfet,unanchored,none,medium,20261060,157.6108805597579,727.2261238408676,85.5,895.5,183.0739645409,0,89.68450000065786,
finfet_unanchored_pose-none_0254,finfet,unanchored,none,medium,20261061,220.74107386656573,466.7599374772395,473.5,359.5,274.57561604728886,0,89.18249999987893,
finfet_unanchored_pose-none_0255,finfet,unanchored,none,medium,20261062,783.5077007488604,96.40526286351994,131.5,875.5,1015.9245303021168,0,90.20145799877355,
finfet_unanchored_pose-none_0256,finfet,unanchored,none,medium,20261063,541.1372654309661,555.0010579981721,897.5,226.5,484.6724086384928,0,86.82933400086768,
finfet_unanchored_pose-none_0257,finfet,unanchored,none,medium,20261064,451.4409546159809,173.3232066986699,800.5,817.5,732.6704294513238,0,89.7962919989368,
finfet_unanchored_pose-none_0258,finfet,unanchored,none,medium,20261065,679.1406618454396,200.52493870650238,812.5,585.5,407.41933053176876,0,80.01020799929393,
finfet_unanchored_pose-none_0259,finfet,unanchored,none,medium,20261066,824.7113122363284,348.7432147646306,430.5,587.5,460.87673101493885,0,87.88629100126855,
finfet_unanchored_pose-none_0260,finfet,unanchored,none,medium,20261067,532.7435465559245,415.0593287690971,780.5,555.5,284.7926304506016,0,86.37525000085589,
finfet_unanchored_pose-none_0261,finfet,unanchored,none,high,20261068,282.09875311428283,423.89022778736575,193.5,868.5,453.35150667046,0,91.04108300016378,
finfet_unanchored_pose-none_0262,finfet,unanchored,none,high,20261069,390.05370161222123,178.0568476684235,203.5,914.5,759.7044163365719,0,89.48037499976635,
finfet_unanchored_pose-none_0263,finfet,unanchored,none,high,20261070,801.9266501279836,502.2678797037706,581.5,885.5,442.10266467573814,0,90.94720900066022,
finfet_unanchored_pose-none_0264,finfet,unanchored,none,high,20261071,383.04349752189967,246.61164936262077,949.5,835.5,817.1061489893067,0,82.10400000098161,
finfet_unanchored_pose-none_0265,finfet,unanchored,none,high,20261072,395.50042690231544,903.7359483958741,266.5,564.5,362.93544718727566,0,90.03800000027695,
finfet_unanchored_pose-none_0266,finfet,unanchored,none,high,20261073,123.35636762973239,886.8774316074823,276.5,243.5,661.3527739696873,0,90.7707919996028,
finfet_unanchored_pose-none_0267,finfet,unanchored,none,high,20261074,769.629935963424,526.5560607118101,554.5,678.5,263.3777705768656,0,89.47058299963828,
finfet_unanchored_pose-none_0268,finfet,unanchored,none,high,20261075,699.0313305907761,789.2067790050495,360.5,715.5,346.4623371491633,0,89.90729200013448,
finfet_unanchored_pose-none_0269,finfet,unanchored,none,high,20261076,347.6380334101823,446.4013880708359,854.5,780.5,607.067488561438,0,87.91087499957939,
finfet_unanchored_pose-small_0270,finfet,unanchored,small,low,20261077,897.0244759782623,285.47040459766964,885.5,204.5,81.78642899212477,0,93.39700000055018,
finfet_unanchored_pose-small_0271,finfet,unanchored,small,low,20261078,425.2103383698497,388.2765988529258,624.5,679.5,352.88445503922316,0,96.51183299865806,
finfet_unanchored_pose-small_0272,finfet,unanchored,small,low,20261079,919.0948920751111,718.8804349113835,460.5,904.5,494.73619028838993,0,93.84387499994773,
finfet_unanchored_pose-small_0273,finfet,unanchored,small,low,20261080,377.676099664748,266.61972761638594,121.5,898.5,681.8349306591979,0,93.48145800140628,
finfet_unanchored_pose-small_0274,finfet,unanchored,small,low,20261081,507.7878243629424,326.2670441235233,388.5,78.5,274.98744188590166,0,99.24541700092959,
finfet_unanchored_pose-small_0275,finfet,unanchored,small,low,20261082,486.39210082047674,410.25958982689906,229.5,458.5,261.3822653464213,0,90.60633399894868,
finfet_unanchored_pose-small_0276,finfet,unanchored,small,low,20261083,317.8014567040721,710.6420457752567,49.5,155.5,616.5779453216473,0,88.80633300032059,
finfet_unanchored_pose-small_0277,finfet,unanchored,small,low,20261084,383.0680587420789,311.309768390762,532.5,63.5,289.3779300119376,0,94.47233399987454,
finfet_unanchored_pose-small_0278,finfet,unanchored,small,low,20261085,209.23369066405832,848.7131684863679,287.5,576.5,283.24128278634987,0,98.40433399949688,
finfet_unanchored_pose-small_0279,finfet,unanchored,small,medium,20261086,697.5530996737625,664.3467426143776,294.5,116.5,680.1381143192991,0,101.02562500105705,
finfet_unanchored_pose-small_0280,finfet,unanchored,small,medium,20261087,161.84881863010852,542.6534782778737,786.5,384.5,644.3614056398714,0,96.76837500046531,
finfet_unanchored_pose-small_0281,finfet,unanchored,small,medium,20261088,693.8328067907873,347.9824079840674,443.5,95.5,355.54729713103814,0,96.48141700017732,
finfet_unanchored_pose-small_0282,finfet,unanchored,small,medium,20261089,306.3412721925914,185.85121594262742,194.5,188.5,111.87263393091231,0,93.1385420008155,
finfet_unanchored_pose-small_0283,finfet,unanchored,small,medium,20261090,831.9927966015174,484.34907117958176,949.5,217.5,291.5756670916451,0,95.78183300072851,
finfet_unanchored_pose-small_0284,finfet,unanchored,small,medium,20261091,172.3015677019312,658.7359482556418,199.5,621.5,46.111501406584736,0,89.53049999945506,
finfet_unanchored_pose-small_0285,finfet,unanchored,small,medium,20261092,411.6590131501514,721.3666845196258,866.5,145.5,733.8274740415286,0,97.4884999995993,
finfet_unanchored_pose-small_0286,finfet,unanchored,small,medium,20261093,113.07133891183756,220.24033212832956,403.5,862.5,704.8732426160686,0,100.13774999970337,
finfet_unanchored_pose-small_0287,finfet,unanchored,small,medium,20261094,305.2259867739516,396.17344649891953,355.5,730.5,338.08537498945986,0,92.70975000072212,
finfet_unanchored_pose-small_0288,finfet,unanchored,small,high,20261095,873.3608770855489,301.98336433378313,352.5,551.5,577.5418640691901,0,99.23495799921511,
finfet_unanchored_pose-small_0289,finfet,unanchored,small,high,20261096,152.49282458926774,746.438291437216,715.5,450.5,636.047601915729,0,100.71270800108323,
finfet_unanchored_pose-small_0290,finfet,unanchored,small,high,20261097,383.21690465021413,149.50669835917773,605.5,564.5,470.77512135310684,0,100.54487500019604,
finfet_unanchored_pose-small_0291,finfet,unanchored,small,high,20261098,649.1369855504389,691.866925657019,362.5,335.5,457.33811036002436,0,96.43862500161049,
finfet_unanchored_pose-small_0292,finfet,unanchored,small,high,20261099,225.4959410320869,291.6353001500851,513.5,849.5,627.8211220727038,0,85.8550840002863,
finfet_unanchored_pose-small_0293,finfet,unanchored,small,high,20261100,668.1534735496496,124.6377424004678,540.5,593.5,485.9292396127456,0,95.33529200052726,
finfet_unanchored_pose-small_0294,finfet,unanchored,small,high,20261101,193.6941567887354,80.19639667636534,75.5,123.5,125.87716536294765,0,93.91787499953352,
finfet_unanchored_pose-small_0295,finfet,unanchored,small,high,20261102,414.18799509934667,234.29417555263078,49.5,845.5,711.7372363505856,0,94.94712499872549,
finfet_unanchored_pose-small_0296,finfet,unanchored,small,high,20261103,868.4780698459764,465.9351000084448,591.5,714.5,372.15770942359154,0,98.06399999979476,
finfet_unanchored_pose-large_0297,finfet,unanchored,large,low,20261104,682.8804284399964,139.46843945258527,447.5,730.5,636.1778459328089,0,96.74025000094844,
finfet_unanchored_pose-large_0298,finfet,unanchored,large,low,20261105,584.2588426905315,230.4021564403012,551.5,600.5,371.54482311285443,0,99.50324999954319,
finfet_unanchored_pose-large_0299,finfet,unanchored,large,low,20261106,730.3596741073108,539.2025750477455,638.5,135.5,414.021700913469,0,98.35604199906811,
finfet_unanchored_pose-large_0300,finfet,unanchored,large,low,20261107,201.24843502060867,92.44834683995239,457.5,447.5,437.86589381461306,0,98.98870800134318,
finfet_unanchored_pose-large_0301,finfet,unanchored,large,low,20261108,193.18621474972966,767.2945135402426,410.5,555.5,303.4504856241766,0,98.14291699876776,
finfet_unanchored_pose-large_0302,finfet,unanchored,large,low,20261109,750.0886929721136,749.3579527191451,49.5,793.5,701.9779462764621,0,95.51808399919537,
finfet_unanchored_pose-large_0303,finfet,unanchored,large,low,20261110,674.0502830542056,593.4289420345226,257.5,79.5,661.54145431202,0,96.81149999960326,
finfet_unanchored_pose-large_0304,finfet,unanchored,large,low,20261111,128.83897345301392,841.05904730127,448.5,478.5,483.3551848000365,0,93.40237499964132,
finfet_unanchored_pose-large_0305,finfet,unanchored,large,low,20261112,183.73936889878962,357.385558235201,861.5,936.5,891.477991725688,0,100.87487500095449,
finfet_unanchored_pose-large_0306,finfet,unanchored,large,medium,20261113,539.6888507452794,677.9265455208601,284.5,655.5,256.1724018872753,0,100.63512499982608,
finfet_unanchored_pose-large_0307,finfet,unanchored,large,medium,20261114,698.0732441220478,866.899325732989,283.5,755.5,429.27937816257094,0,101.33562500050175,
finfet_unanchored_pose-large_0308,finfet,unanchored,large,medium,20261115,665.8693471872053,407.13562711572393,444.5,486.5,235.16609355390472,0,88.23216699965997,
finfet_unanchored_pose-large_0309,finfet,unanchored,large,medium,20261116,406.8670834737437,188.9929984854681,601.5,705.5,551.961461344041,0,99.32775000015681,
finfet_unanchored_pose-large_0310,finfet,unanchored,large,medium,20261117,686.8047476241504,240.2756152776384,115.5,465.5,614.0970103586734,0,102.92491700056416,
finfet_unanchored_pose-large_0311,finfet,unanchored,large,medium,20261118,305.7807034278083,616.6826411187229,854.5,288.5,639.3721235417927,0,98.51058300046134,
finfet_unanchored_pose-large_0312,finfet,unanchored,large,medium,20261119,334.67029369954446,509.0061715810452,231.5,394.5,154.12907847709343,0,101.27991699846461,
finfet_unanchored_pose-large_0313,finfet,unanchored,large,medium,20261120,628.0375445632108,425.9561877682831,807.5,328.5,204.21675113890245,0,96.61958399919968,
finfet_unanchored_pose-large_0314,finfet,unanchored,large,medium,20261121,536.1502591753832,129.26264046514873,949.5,919.5,891.8144945247255,0,96.73829100029252,
finfet_unanchored_pose-large_0315,finfet,unanchored,large,high,20261122,156.57770726419074,585.8193082236911,572.5,883.5,511.4735064996368,0,99.63454100034141,
finfet_unanchored_pose-large_0316,finfet,unanchored,large,high,20261123,694.3368462968742,513.568293470003,595.5,290.5,243.98398664160592,0,100.88550000000396,
finfet_unanchored_pose-large_0317,finfet,unanchored,large,high,20261124,563.5598687440022,707.4617236340766,69.5,598.5,505.93261519756715,0,101.51691600003687,
finfet_unanchored_pose-large_0318,finfet,unanchored,large,high,20261125,274.46775046031814,91.91708733795181,243.5,856.5,765.2097960058757,0,98.2592910004314,
finfet_unanchored_pose-large_0319,finfet,unanchored,large,high,20261126,497.26124368264567,402.93270595590536,503.5,175.5,227.51825820978112,0,98.7353330001497,
finfet_unanchored_pose-large_0320,finfet,unanchored,large,high,20261127,866.6066620161196,251.49989663095195,213.5,579.5,730.8436082910927,0,96.17779100153712,
finfet_unanchored_pose-large_0321,finfet,unanchored,large,high,20261128,434.30945849302435,864.531726943019,86.5,712.5,379.5853861972132,0,100.3582080011256,
finfet_unanchored_pose-large_0322,finfet,unanchored,large,high,20261129,665.4114329633304,595.2350211439283,708.5,278.5,319.6524647618383,0,100.15316699900723,
finfet_unanchored_pose-large_0323,finfet,unanchored,large,high,20261130,446.42762912357284,467.8083519586193,406.5,818.5,352.957288596523,0,95.63887500007695,
