case_id,arch,anchored,pose,noise,weighted,nms_radius,n_peaks,rank
dram_anchored_pose-none_0000,dram,anchored,none,none,False,2,30,1
dram_anchored_pose-none_0000,dram,anchored,none,none,False,4,30,1
dram_anchored_pose-none_0000,dram,anchored,none,none,False,8,30,1
dram_anchored_pose-none_0000,dram,anchored,none,none,False,16,30,1
dram_anchored_pose-none_0000,dram,anchored,none,none,True,2,30,1
dram_anchored_pose-none_0000,dram,anchored,none,none,True,4,30,1
dram_anchored_pose-none_0000,dram,anchored,none,none,True,8,30,1
dram_anchored_pose-none_0000,dram,anchored,none,none,True,16,30,1
dram_anchored_pose-none_0001,dram,anchored,none,none,False,2,30,-1
dram_anchored_pose-none_0001,dram,anchored,none,none,False,4,30,-1
dram_anchored_pose-none_0001,dram,anchored,none,none,False,8,30,-1
dram_anchored_pose-none_0001,dram,anchored,none,none,False,16,30,-1
dram_anchored_pose-none_0001,dram,anchored,none,none,True,2,30,1
dram_anchored_pose-none_0001,dram,anchored,none,none,True,4,30,1
dram_anchored_pose-none_0001,dram,anchored,none,none,True,8,30,1
dram_anchored_pose-none_0001,dram,anchored,none,none,True,16,30,1
dram_anchored_pose-none_0002,dram,anchored,none,none,False,2,30,-1
dram_anchored_pose-none_0002,dram,anchored,none,none,False,4,30,-1
dram_anchored_pose-none_0002,dram,anchored,none,none,False,8,30,-1
dram_anchored_pose-none_0002,dram,anchored,none,none,False,16,30,-1
dram_anchored_pose-none_0002,dram,anchored,none,none,True,2,30,1
dram_anchored_pose-none_0002,dram,anchored,none,none,True,4,30,1
dram_anchored_pose-none_0002,dram,anchored,none,none,True,8,30,1
dram_anchored_pose-none_0002,dram,anchored,none,none,True,16,30,1
dram_anchored_pose-none_0003,dram,anchored,none,none,False,2,30,1
dram_anchored_pose-none_0003,dram,anchored,none,none,False,4,30,1
dram_anchored_pose-none_0003,dram,anchored,none,none,False,8,30,1
dram_anchored_pose-none_0003,dram,anchored,none,none,False,16,30,1
dram_anchored_pose-none_0003,dram,anchored,none,none,True,2,30,1
dram_anchored_pose-none_0003,dram,anchored,none,none,True,4,30,1
dram_anchored_pose-none_0003,dram,anchored,none,none,True,8,30,1
dram_anchored_pose-none_0003,dram,anchored,none,none,True,16,30,1
dram_anchored_pose-none_0004,dram,anchored,none,none,False,2,30,1
dram_anchored_pose-none_0004,dram,anchored,none,none,False,4,30,1
dram_anchored_pose-none_0004,dram,anchored,none,none,False,8,30,1
dram_anchored_pose-none_0004,dram,anchored,none,none,False,16,30,1
dram_anchored_pose-none_0004,dram,anchored,none,none,True,2,30,1
dram_anchored_pose-none_0004,dram,anchored,none,none,True,4,30,1
dram_anchored_pose-none_0004,dram,anchored,none,none,True,8,30,1
dram_anchored_pose-none_0004,dram,anchored,none,none,True,16,30,1
dram_anchored_pose-none_0005,dram,anchored,none,none,False,2,30,1
dram_anchored_pose-none_0005,dram,anchored,none,none,False,4,30,1
dram_anchored_pose-none_0005,dram,anchored,none,none,False,8,30,1
dram_anchored_pose-none_0005,dram,anchored,none,none,False,16,30,1
dram_anchored_pose-none_0005,dram,anchored,none,none,True,2,30,1
dram_anchored_pose-none_0005,dram,anchored,none,none,True,4,30,1
dram_anchored_pose-none_0005,dram,anchored,none,none,True,8,30,1
dram_anchored_pose-none_0005,dram,anchored,none,none,True,16,30,1
dram_anchored_pose-none_0006,dram,anchored,none,none,False,2,30,-1
dram_anchored_pose-none_0006,dram,anchored,none,none,False,4,30,-1
dram_anchored_pose-none_0006,dram,anchored,none,none,False,8,30,-1
dram_anchored_pose-none_0006,dram,anchored,none,none,False,16,30,-1
dram_anchored_pose-none_0006,dram,anchored,none,none,True,2,30,1
dram_anchored_pose-none_0006,dram,anchored,none,none,True,4,30,1
dram_anchored_pose-none_0006,dram,anchored,none,none,True,8,30,1
dram_anchored_pose-none_0006,dram,anchored,none,none,True,16,30,1
dram_anchored_pose-none_0007,dram,anchored,none,none,False,2,30,1
dram_anchored_pose-none_0007,dram,anchored,none,none,False,4,30,1
dram_anchored_pose-none_0007,dram,anchored,none,none,False,8,30,1
dram_anchored_pose-none_0007,dram,anchored,none,none,False,16,30,1
dram_anchored_pose-none_0007,dram,anchored,none,none,True,2,30,1
dram_anchored_pose-none_0007,dram,anchored,none,none,True,4,30,1
dram_anchored_pose-none_0007,dram,anchored,none,none,True,8,30,1
dram_anchored_pose-none_0007,dram,anchored,none,none,True,16,30,1
dram_anchored_pose-none_0008,dram,anchored,none,none,False,2,30,1
dram_anchored_pose-none_0008,dram,anchored,none,none,False,4,30,1
dram_anchored_pose-none_0008,dram,anchored,none,none,False,8,30,1
dram_anchored_pose-none_0008,dram,anchored,none,none,False,16,30,1
dram_anchored_pose-none_0008,dram,anchored,none,none,True,2,30,1
dram_anchored_pose-none_0008,dram,anchored,none,none,True,4,30,1
dram_anchored_pose-none_0008,dram,anchored,none,none,True,8,30,1
dram_anchored_pose-none_0008,dram,anchored,none,none,True,16,30,1
dram_anchored_pose-small_0009,dram,anchored,small,none,False,2,30,1
dram_anchored_pose-small_0009,dram,anchored,small,none,False,4,30,1
dram_anchored_pose-small_0009,dram,anchored,small,none,False,8,30,1
dram_anchored_pose-small_0009,dram,anchored,small,none,False,16,30,1
dram_anchored_pose-small_0009,dram,anchored,small,none,True,2,30,1
dram_anchored_pose-small_0009,dram,anchored,small,none,True,4,30,1
dram_anchored_pose-small_0009,dram,anchored,small,none,True,8,30,1
dram_anchored_pose-small_0009,dram,anchored,small,none,True,16,30,1
dram_anchored_pose-small_0010,dram,anchored,small,none,False,2,30,1
dram_anchored_pose-small_0010,dram,anchored,small,none,False,4,30,1
dram_anchored_pose-small_0010,dram,anchored,small,none,False,8,30,1
dram_anchored_pose-small_0010,dram,anchored,small,none,False,16,30,1
dram_anchored_pose-small_0010,dram,anchored,small,none,True,2,30,1
dram_anchored_pose-small_0010,dram,anchored,small,none,True,4,30,1
dram_anchored_pose-small_0010,dram,anchored,small,none,True,8,30,1
dram_anchored_pose-small_0010,dram,anchored,small,none,True,16,30,1
dram_anchored_pose-small_0011,dram,anchored,small,none,False,2,30,1
dram_anchored_pose-small_0011,dram,anchored,small,none,False,4,30,1
dram_anchored_pose-small_0011,dram,anchored,small,none,False,8,30,1
dram_anchored_pose-small_0011,dram,anchored,small,none,False,16,30,1
dram_anchored_pose-small_0011,dram,anchored,small,none,True,2,30,1
dram_anchored_pose-small_0011,dram,anchored,small,none,True,4,30,1
dram_anchored_pose-small_0011,dram,anchored,small,none,True,8,30,1
dram_anchored_pose-small_0011,dram,anchored,small,none,True,16,30,1
dram_anchored_pose-small_0012,dram,anchored,small,none,False,2,30,1
dram_anchored_pose-small_0012,dram,anchored,small,none,False,4,30,1
dram_anchored_pose-small_0012,dram,anchored,small,none,False,8,30,1
dram_anchored_pose-small_0012,dram,anchored,small,none,False,16,30,1
dram_anchored_pose-small_0012,dram,anchored,small,none,True,2,30,1
dram_anchored_pose-small_0012,dram,anchored,small,none,True,4,30,1
dram_anchored_pose-small_0012,dram,anchored,small,none,True,8,30,1
dram_anchored_pose-small_0012,dram,anchored,small,none,True,16,30,1
dram_anchored_pose-small_0013,dram,anchored,small,none,False,2,30,1
dram_anchored_pose-small_0013,dram,anchored,small,none,False,4,30,1
dram_anchored_pose-small_0013,dram,anchored,small,none,False,8,30,1
dram_anchored_pose-small_0013,dram,anchored,small,none,False,16,30,1
dram_anchored_pose-small_0013,dram,anchored,small,none,True,2,30,1
dram_anchored_pose-small_0013,dram,anchored,small,none,True,4,30,1
dram_anchored_pose-small_0013,dram,anchored,small,none,True,8,30,1
dram_anchored_pose-small_0013,dram,anchored,small,none,True,16,30,1
dram_anchored_pose-small_0014,dram,anchored,small,none,False,2,30,1
dram_anchored_pose-small_0014,dram,anchored,small,none,False,4,30,1
dram_anchored_pose-small_0014,dram,anchored,small,none,False,8,30,1
dram_anchored_pose-small_0014,dram,anchored,small,none,False,16,30,1
dram_anchored_pose-small_0014,dram,anchored,small,none,True,2,30,1
dram_anchored_pose-small_0014,dram,anchored,small,none,True,4,30,1
dram_anchored_pose-small_0014,dram,anchored,small,none,True,8,30,1
dram_anchored_pose-small_0014,dram,anchored,small,none,True,16,30,1
dram_anchored_pose-small_0015,dram,anchored,small,none,False,2,30,-1
dram_anchored_pose-small_0015,dram,anchored,small,none,False,4,30,-1
dram_anchored_pose-small_0015,dram,anchored,small,none,False,8,30,-1
dram_anchored_pose-small_0015,dram,anchored,small,none,False,16,30,-1
dram_anchored_pose-small_0015,dram,anchored,small,none,True,2,30,1
dram_anchored_pose-small_0015,dram,anchored,small,none,True,4,30,1
dram_anchored_pose-small_0015,dram,anchored,small,none,True,8,30,1
dram_anchored_pose-small_0015,dram,anchored,small,none,True,16,30,1
dram_anchored_pose-small_0016,dram,anchored,small,none,False,2,30,1
dram_anchored_pose-small_0016,dram,anchored,small,none,False,4,30,1
dram_anchored_pose-small_0016,dram,anchored,small,none,False,8,30,1
dram_anchored_pose-small_0016,dram,anchored,small,none,False,16,30,1
dram_anchored_pose-small_0016,dram,anchored,small,none,True,2,30,1
dram_anchored_pose-small_0016,dram,anchored,small,none,True,4,30,1
dram_anchored_pose-small_0016,dram,anchored,small,none,True,8,30,1
dram_anchored_pose-small_0016,dram,anchored,small,none,True,16,30,1
dram_anchored_pose-small_0017,dram,anchored,small,none,False,2,30,1
dram_anchored_pose-small_0017,dram,anchored,small,none,False,4,30,1
dram_anchored_pose-small_0017,dram,anchored,small,none,False,8,30,1
dram_anchored_pose-small_0017,dram,anchored,small,none,False,16,30,1
dram_anchored_pose-small_0017,dram,anchored,small,none,True,2,30,1
dram_anchored_pose-small_0017,dram,anchored,small,none,True,4,30,1
dram_anchored_pose-small_0017,dram,anchored,small,none,True,8,30,1
dram_anchored_pose-small_0017,dram,anchored,small,none,True,16,30,1
dram_anchored_pose-large_0018,dram,anchored,large,none,False,2,30,-1
dram_anchored_pose-large_0018,dram,anchored,large,none,False,4,30,-1
dram_anchored_pose-large_0018,dram,anchored,large,none,False,8,30,-1
dram_anchored_pose-large_0018,dram,anchored,large,none,False,16,30,-1
dram_anchored_pose-large_0018,dram,anchored,large,none,True,2,30,-1
dram_anchored_pose-large_0018,dram,anchored,large,none,True,4,30,-1
dram_anchored_pose-large_0018,dram,anchored,large,none,True,8,30,-1
dram_anchored_pose-large_0018,dram,anchored,large,none,True,16,30,-1
dram_anchored_pose-large_0019,dram,anchored,large,none,False,2,30,1
dram_anchored_pose-large_0019,dram,anchored,large,none,False,4,30,1
dram_anchored_pose-large_0019,dram,anchored,large,none,False,8,30,1
dram_anchored_pose-large_0019,dram,anchored,large,none,False,16,30,1
dram_anchored_pose-large_0019,dram,anchored,large,none,True,2,30,1
dram_anchored_pose-large_0019,dram,anchored,large,none,True,4,30,1
dram_anchored_pose-large_0019,dram,anchored,large,none,True,8,30,1
dram_anchored_pose-large_0019,dram,anchored,large,none,True,16,30,1
dram_anchored_pose-large_0020,dram,anchored,large,none,False,2,30,1
dram_anchored_pose-large_0020,dram,anchored,large,none,False,4,30,1
dram_anchored_pose-large_0020,dram,anchored,large,none,False,8,30,1
dram_anchored_pose-large_0020,dram,anchored,large,none,False,16,30,1
dram_anchored_pose-large_0020,dram,anchored,large,none,True,2,30,1
dram_anchored_pose-large_0020,dram,anchored,large,none,True,4,30,1
dram_anchored_pose-large_0020,dram,anchored,large,none,True,8,30,1
dram_anchored_pose-large_0020,dram,anchored,large,none,True,16,30,1
dram_anchored_pose-large_0021,dram,anchored,large,none,False,2,30,4
dram_anchored_pose-large_0021,dram,anchored,large,none,False,4,30,4
dram_anchored_pose-large_0021,dram,anchored,large,none,False,8,30,4
dram_anchored_pose-large_0021,dram,anchored,large,none,False,16,30,4
dram_anchored_pose-large_0021,dram,anchored,large,none,True,2,30,1
dram_anchored_pose-large_0021,dram,anchored,large,none,True,4,30,1
dram_anchored_pose-large_0021,dram,anchored,large,none,True,8,30,1
dram_anchored_pose-large_0021,dram,anchored,large,none,True,16,30,1
dram_anchored_pose-large_0022,dram,anchored,large,none,False,2,30,1
dram_anchored_pose-large_0022,dram,anchored,large,none,False,4,30,1
dram_anchored_pose-large_0022,dram,anchored,large,none,False,8,30,1
dram_anchored_pose-large_0022,dram,anchored,large,none,False,16,30,1
dram_anchored_pose-large_0022,dram,anchored,large,none,True,2,30,1
dram_anchored_pose-large_0022,dram,anchored,large,none,True,4,30,1
dram_anchored_pose-large_0022,dram,anchored,large,none,True,8,30,1
dram_anchored_pose-large_0022,dram,anchored,large,none,True,16,30,1
dram_anchored_pose-large_0023,dram,anchored,large,none,False,2,30,18
dram_anchored_pose-large_0023,dram,anchored,large,none,False,4,30,18
dram_anchored_pose-large_0023,dram,anchored,large,none,False,8,30,18
dram_anchored_pose-large_0023,dram,anchored,large,none,False,16,30,18
dram_anchored_pose-large_0023,dram,anchored,large,none,True,2,30,5
dram_anchored_pose-large_0023,dram,anchored,large,none,True,4,30,5
dram_anchored_pose-large_0023,dram,anchored,large,none,True,8,30,5
dram_anchored_pose-large_0023,dram,anchored,large,none,True,16,30,5
dram_anchored_pose-large_0024,dram,anchored,large,none,False,2,30,1
dram_anchored_pose-large_0024,dram,anchored,large,none,False,4,30,1
dram_anchored_pose-large_0024,dram,anchored,large,none,False,8,30,1
dram_anchored_pose-large_0024,dram,anchored,large,none,False,16,30,1
dram_anchored_pose-large_0024,dram,anchored,large,none,True,2,30,1
dram_anchored_pose-large_0024,dram,anchored,large,none,True,4,30,1
dram_anchored_pose-large_0024,dram,anchored,large,none,True,8,30,1
dram_anchored_pose-large_0024,dram,anchored,large,none,True,16,30,1
dram_anchored_pose-large_0025,dram,anchored,large,none,False,2,30,1
dram_anchored_pose-large_0025,dram,anchored,large,none,False,4,30,1
dram_anchored_pose-large_0025,dram,anchored,large,none,False,8,30,1
dram_anchored_pose-large_0025,dram,anchored,large,none,False,16,30,1
dram_anchored_pose-large_0025,dram,anchored,large,none,True,2,30,1
dram_anchored_pose-large_0025,dram,anchored,large,none,True,4,30,1
dram_anchored_pose-large_0025,dram,anchored,large,none,True,8,30,1
dram_anchored_pose-large_0025,dram,anchored,large,none,True,16,30,1
dram_anchored_pose-large_0026,dram,anchored,large,none,False,2,30,1
dram_anchored_pose-large_0026,dram,anchored,large,none,False,4,30,1
dram_anchored_pose-large_0026,dram,anchored,large,none,False,8,30,1
dram_anchored_pose-large_0026,dram,anchored,large,none,False,16,30,1
dram_anchored_pose-large_0026,dram,anchored,large,none,True,2,30,1
dram_anchored_pose-large_0026,dram,anchored,large,none,True,4,30,1
dram_anchored_pose-large_0026,dram,anchored,large,none,True,8,30,1
dram_anchored_pose-large_0026,dram,anchored,large,none,True,16,30,1
dram_unanchored_pose-none_0027,dram,unanchored,none,none,False,2,30,-1
dram_unanchored_pose-none_0027,dram,unanchored,none,none,False,4,30,-1
dram_unanchored_pose-none_0027,dram,unanchored,none,none,False,8,30,-1
dram_unanchored_pose-none_0027,dram,unanchored,none,none,False,16,30,-1
dram_unanchored_pose-none_0027,dram,unanchored,none,none,True,2,30,-1
dram_unanchored_pose-none_0027,dram,unanchored,none,none,True,4,30,-1
dram_unanchored_pose-none_0027,dram,unanchored,none,none,True,8,30,-1
dram_unanchored_pose-none_0027,dram,unanchored,none,none,True,16,30,-1
dram_unanchored_pose-none_0028,dram,unanchored,none,none,False,2,30,-1
dram_unanchored_pose-none_0028,dram,unanchored,none,none,False,4,30,-1
dram_unanchored_pose-none_0028,dram,unanchored,none,none,False,8,30,-1
dram_unanchored_pose-none_0028,dram,unanchored,none,none,False,16,30,-1
dram_unanchored_pose-none_0028,dram,unanchored,none,none,True,2,30,-1
dram_unanchored_pose-none_0028,dram,unanchored,none,none,True,4,30,-1
dram_unanchored_pose-none_0028,dram,unanchored,none,none,True,8,30,-1
dram_unanchored_pose-none_0028,dram,unanchored,none,none,True,16,30,-1
dram_unanchored_pose-none_0029,dram,unanchored,none,none,False,2,30,-1
dram_unanchored_pose-none_0029,dram,unanchored,none,none,False,4,30,-1
dram_unanchored_pose-none_0029,dram,unanchored,none,none,False,8,30,-1
dram_unanchored_pose-none_0029,dram,unanchored,none,none,False,16,30,-1
dram_unanchored_pose-none_0029,dram,unanchored,none,none,True,2,30,-1
dram_unanchored_pose-none_0029,dram,unanchored,none,none,True,4,30,-1
dram_unanchored_pose-none_0029,dram,unanchored,none,none,True,8,30,-1
dram_unanchored_pose-none_0029,dram,unanchored,none,none,True,16,30,-1
dram_unanchored_pose-none_0030,dram,unanchored,none,none,False,2,30,-1
dram_unanchored_pose-none_0030,dram,unanchored,none,none,False,4,30,-1
dram_unanchored_pose-none_0030,dram,unanchored,none,none,False,8,30,-1
dram_unanchored_pose-none_0030,dram,unanchored,none,none,False,16,30,-1
dram_unanchored_pose-none_0030,dram,unanchored,none,none,True,2,30,-1
dram_unanchored_pose-none_0030,dram,unanchored,none,none,True,4,30,-1
dram_unanchored_pose-none_0030,dram,unanchored,none,none,True,8,30,-1
dram_unanchored_pose-none_0030,dram,unanchored,none,none,True,16,30,-1
dram_unanchored_pose-none_0031,dram,unanchored,none,none,False,2,30,-1
dram_unanchored_pose-none_0031,dram,unanchored,none,none,False,4,30,-1
dram_unanchored_pose-none_0031,dram,unanchored,none,none,False,8,30,-1
dram_unanchored_pose-none_0031,dram,unanchored,none,none,False,16,30,-1
dram_unanchored_pose-none_0031,dram,unanchored,none,none,True,2,30,-1
dram_unanchored_pose-none_0031,dram,unanchored,none,none,True,4,30,-1
dram_unanchored_pose-none_0031,dram,unanchored,none,none,True,8,30,-1
dram_unanchored_pose-none_0031,dram,unanchored,none,none,True,16,30,-1
dram_unanchored_pose-none_0032,dram,unanchored,none,none,False,2,30,-1
dram_unanchored_pose-none_0032,dram,unanchored,none,none,False,4,30,-1
dram_unanchored_pose-none_0032,dram,unanchored,none,none,False,8,30,-1
dram_unanchored_pose-none_0032,dram,unanchored,none,none,False,16,30,-1
dram_unanchored_pose-none_0032,dram,unanchored,none,none,True,2,30,-1
dram_unanchored_pose-none_0032,dram,unanchored,none,none,True,4,30,-1
dram_unanchored_pose-none_0032,dram,unanchored,none,none,True,8,30,-1
dram_unanchored_pose-none_0032,dram,unanchored,none,none,True,16,30,-1
dram_unanchored_pose-none_0033,dram,unanchored,none,none,False,2,30,-1
dram_unanchored_pose-none_0033,dram,unanchored,none,none,False,4,30,-1
dram_unanchored_pose-none_0033,dram,unanchored,none,none,False,8,30,-1
dram_unanchored_pose-none_0033,dram,unanchored,none,none,False,16,30,-1
dram_unanchored_pose-none_0033,dram,unanchored,none,none,True,2,30,-1
dram_unanchored_pose-none_0033,dram,unanchored,none,none,True,4,30,-1
dram_unanchored_pose-none_0033,dram,unanchored,none,none,True,8,30,-1
dram_unanchored_pose-none_0033,dram,unanchored,none,none,True,16,30,-1
dram_unanchored_pose-none_0034,dram,unanchored,none,none,False,2,30,-1
dram_unanchored_pose-none_0034,dram,unanchored,none,none,False,4,30,-1
dram_unanchored_pose-none_0034,dram,unanchored,none,none,False,8,30,-1
dram_unanchored_pose-none_0034,dram,unanchored,none,none,False,16,30,-1
dram_unanchored_pose-none_0034,dram,unanchored,none,none,True,2,30,-1
dram_unanchored_pose-none_0034,dram,unanchored,none,none,True,4,30,-1
dram_unanchored_pose-none_0034,dram,unanchored,none,none,True,8,30,-1
dram_unanchored_pose-none_0034,dram,unanchored,none,none,True,16,30,-1
dram_unanchored_pose-none_0035,dram,unanchored,none,none,False,2,30,-1
dram_unanchored_pose-none_0035,dram,unanchored,none,none,False,4,30,-1
dram_unanchored_pose-none_0035,dram,unanchored,none,none,False,8,30,-1
dram_unanchored_pose-none_0035,dram,unanchored,none,none,False,16,30,-1
dram_unanchored_pose-none_0035,dram,unanchored,none,none,True,2,30,-1
dram_unanchored_pose-none_0035,dram,unanchored,none,none,True,4,30,-1
dram_unanchored_pose-none_0035,dram,unanchored,none,none,True,8,30,-1
dram_unanchored_pose-none_0035,dram,unanchored,none,none,True,16,30,-1
dram_unanchored_pose-small_0036,dram,unanchored,small,none,False,2,30,-1
dram_unanchored_pose-small_0036,dram,unanchored,small,none,False,4,30,-1
dram_unanchored_pose-small_0036,dram,unanchored,small,none,False,8,30,-1
dram_unanchored_pose-small_0036,dram,unanchored,small,none,False,16,30,-1
dram_unanchored_pose-small_0036,dram,unanchored,small,none,True,2,30,-1
dram_unanchored_pose-small_0036,dram,unanchored,small,none,True,4,30,-1
dram_unanchored_pose-small_0036,dram,unanchored,small,none,True,8,30,-1
dram_unanchored_pose-small_0036,dram,unanchored,small,none,True,16,30,-1
dram_unanchored_pose-small_0037,dram,unanchored,small,none,False,2,30,-1
dram_unanchored_pose-small_0037,dram,unanchored,small,none,False,4,30,-1
dram_unanchored_pose-small_0037,dram,unanchored,small,none,False,8,30,-1
dram_unanchored_pose-small_0037,dram,unanchored,small,none,False,16,30,-1
dram_unanchored_pose-small_0037,dram,unanchored,small,none,True,2,30,-1
dram_unanchored_pose-small_0037,dram,unanchored,small,none,True,4,30,-1
dram_unanchored_pose-small_0037,dram,unanchored,small,none,True,8,30,-1
dram_unanchored_pose-small_0037,dram,unanchored,small,none,True,16,30,-1
dram_unanchored_pose-small_0038,dram,unanchored,small,none,False,2,30,-1
dram_unanchored_pose-small_0038,dram,unanchored,small,none,False,4,30,-1
dram_unanchored_pose-small_0038,dram,unanchored,small,none,False,8,30,-1
dram_unanchored_pose-small_0038,dram,unanchored,small,none,False,16,30,-1
dram_unanchored_pose-small_0038,dram,unanchored,small,none,True,2,30,-1
dram_unanchored_pose-small_0038,dram,unanchored,small,none,True,4,30,-1
dram_unanchored_pose-small_0038,dram,unanchored,small,none,True,8,30,-1
dram_unanchored_pose-small_0038,dram,unanchored,small,none,True,16,30,-1
dram_unanchored_pose-small_0039,dram,unanchored,small,none,False,2,30,-1
dram_unanchored_pose-small_0039,dram,unanchored,small,none,False,4,30,-1
dram_unanchored_pose-small_0039,dram,unanchored,small,none,False,8,30,-1
dram_unanchored_pose-small_0039,dram,unanchored,small,none,False,16,30,-1
dram_unanchored_pose-small_0039,dram,unanchored,small,none,True,2,30,-1
dram_unanchored_pose-small_0039,dram,unanchored,small,none,True,4,30,-1
dram_unanchored_pose-small_0039,dram,unanchored,small,none,True,8,30,-1
dram_unanchored_pose-small_0039,dram,unanchored,small,none,True,16,30,-1
dram_unanchored_pose-small_0040,dram,unanchored,small,none,False,2,30,-1
dram_unanchored_pose-small_0040,dram,unanchored,small,none,False,4,30,-1
dram_unanchored_pose-small_0040,dram,unanchored,small,none,False,8,30,-1
dram_unanchored_pose-small_0040,dram,unanchored,small,none,False,16,30,-1
dram_unanchored_pose-small_0040,dram,unanchored,small,none,True,2,30,-1
dram_unanchored_pose-small_0040,dram,unanchored,small,none,True,4,30,-1
dram_unanchored_pose-small_0040,dram,unanchored,small,none,True,8,30,-1
dram_unanchored_pose-small_0040,dram,unanchored,small,none,True,16,30,-1
dram_unanchored_pose-small_0041,dram,unanchored,small,none,False,2,30,-1
dram_unanchored_pose-small_0041,dram,unanchored,small,none,False,4,30,-1
dram_unanchored_pose-small_0041,dram,unanchored,small,none,False,8,30,-1
dram_unanchored_pose-small_0041,dram,unanchored,small,none,False,16,30,-1
dram_unanchored_pose-small_0041,dram,unanchored,small,none,True,2,30,-1
dram_unanchored_pose-small_0041,dram,unanchored,small,none,True,4,30,-1
dram_unanchored_pose-small_0041,dram,unanchored,small,none,True,8,30,-1
dram_unanchored_pose-small_0041,dram,unanchored,small,none,True,16,30,-1
dram_unanchored_pose-small_0042,dram,unanchored,small,none,False,2,30,-1
dram_unanchored_pose-small_0042,dram,unanchored,small,none,False,4,30,-1
dram_unanchored_pose-small_0042,dram,unanchored,small,none,False,8,30,-1
dram_unanchored_pose-small_0042,dram,unanchored,small,none,False,16,30,-1
dram_unanchored_pose-small_0042,dram,unanchored,small,none,True,2,30,-1
dram_unanchored_pose-small_0042,dram,unanchored,small,none,True,4,30,-1
dram_unanchored_pose-small_0042,dram,unanchored,small,none,True,8,30,-1
dram_unanchored_pose-small_0042,dram,unanchored,small,none,True,16,30,-1
dram_unanchored_pose-small_0043,dram,unanchored,small,none,False,2,30,-1
dram_unanchored_pose-small_0043,dram,unanchored,small,none,False,4,30,-1
dram_unanchored_pose-small_0043,dram,unanchored,small,none,False,8,30,-1
dram_unanchored_pose-small_0043,dram,unanchored,small,none,False,16,30,-1
dram_unanchored_pose-small_0043,dram,unanchored,small,none,True,2,30,-1
dram_unanchored_pose-small_0043,dram,unanchored,small,none,True,4,30,-1
dram_unanchored_pose-small_0043,dram,unanchored,small,none,True,8,30,-1
dram_unanchored_pose-small_0043,dram,unanchored,small,none,True,16,30,-1
dram_unanchored_pose-small_0044,dram,unanchored,small,none,False,2,30,-1
dram_unanchored_pose-small_0044,dram,unanchored,small,none,False,4,30,-1
dram_unanchored_pose-small_0044,dram,unanchored,small,none,False,8,30,-1
dram_unanchored_pose-small_0044,dram,unanchored,small,none,False,16,30,-1
dram_unanchored_pose-small_0044,dram,unanchored,small,none,True,2,30,-1
dram_unanchored_pose-small_0044,dram,unanchored,small,none,True,4,30,-1
dram_unanchored_pose-small_0044,dram,unanchored,small,none,True,8,30,-1
dram_unanchored_pose-small_0044,dram,unanchored,small,none,True,16,30,-1
dram_unanchored_pose-large_0045,dram,unanchored,large,none,False,2,30,-1
dram_unanchored_pose-large_0045,dram,unanchored,large,none,False,4,30,-1
dram_unanchored_pose-large_0045,dram,unanchored,large,none,False,8,30,-1
dram_unanchored_pose-large_0045,dram,unanchored,large,none,False,16,30,-1
dram_unanchored_pose-large_0045,dram,unanchored,large,none,True,2,30,-1
dram_unanchored_pose-large_0045,dram,unanchored,large,none,True,4,30,-1
dram_unanchored_pose-large_0045,dram,unanchored,large,none,True,8,30,-1
dram_unanchored_pose-large_0045,dram,unanchored,large,none,True,16,30,-1
dram_unanchored_pose-large_0046,dram,unanchored,large,none,False,2,30,-1
dram_unanchored_pose-large_0046,dram,unanchored,large,none,False,4,30,-1
dram_unanchored_pose-large_0046,dram,unanchored,large,none,False,8,30,-1
dram_unanchored_pose-large_0046,dram,unanchored,large,none,False,16,30,-1
dram_unanchored_pose-large_0046,dram,unanchored,large,none,True,2,30,-1
dram_unanchored_pose-large_0046,dram,unanchored,large,none,True,4,30,-1
dram_unanchored_pose-large_0046,dram,unanchored,large,none,True,8,30,-1
dram_unanchored_pose-large_0046,dram,unanchored,large,none,True,16,30,-1
dram_unanchored_pose-large_0047,dram,unanchored,large,none,False,2,30,-1
dram_unanchored_pose-large_0047,dram,unanchored,large,none,False,4,30,-1
dram_unanchored_pose-large_0047,dram,unanchored,large,none,False,8,30,-1
dram_unanchored_pose-large_0047,dram,unanchored,large,none,False,16,30,-1
dram_unanchored_pose-large_0047,dram,unanchored,large,none,True,2,30,-1
dram_unanchored_pose-large_0047,dram,unanchored,large,none,True,4,30,-1
dram_unanchored_pose-large_0047,dram,unanchored,large,none,True,8,30,-1
dram_unanchored_pose-large_0047,dram,unanchored,large,none,True,16,30,-1
dram_unanchored_pose-large_0048,dram,unanchored,large,none,False,2,30,-1
dram_unanchored_pose-large_0048,dram,unanchored,large,none,False,4,30,-1
dram_unanchored_pose-large_0048,dram,unanchored,large,none,False,8,30,-1
dram_unanchored_pose-large_0048,dram,unanchored,large,none,False,16,30,-1
dram_unanchored_pose-large_0048,dram,unanchored,large,none,True,2,30,-1
dram_unanchored_pose-large_0048,dram,unanchored,large,none,True,4,30,-1
dram_unanchored_pose-large_0048,dram,unanchored,large,none,True,8,30,-1
dram_unanchored_pose-large_0048,dram,unanchored,large,none,True,16,30,-1
dram_unanchored_pose-large_0049,dram,unanchored,large,none,False,2,30,-1
dram_unanchored_pose-large_0049,dram,unanchored,large,none,False,4,30,-1
dram_unanchored_pose-large_0049,dram,unanchored,large,none,False,8,30,-1
dram_unanchored_pose-large_0049,dram,unanchored,large,none,False,16,30,-1
dram_unanchored_pose-large_0049,dram,unanchored,large,none,True,2,30,-1
dram_unanchored_pose-large_0049,dram,unanchored,large,none,True,4,30,-1
dram_unanchored_pose-large_0049,dram,unanchored,large,none,True,8,30,-1
dram_unanchored_pose-large_0049,dram,unanchored,large,none,True,16,30,-1
dram_unanchored_pose-large_0050,dram,unanchored,large,none,False,2,30,-1
dram_unanchored_pose-large_0050,dram,unanchored,large,none,False,4,30,-1
dram_unanchored_pose-large_0050,dram,unanchored,large,none,False,8,30,-1
dram_unanchored_pose-large_0050,dram,unanchored,large,none,False,16,30,-1
dram_unanchored_pose-large_0050,dram,unanchored,large,none,True,2,30,-1
dram_unanchored_pose-large_0050,dram,unanchored,large,none,True,4,30,-1
dram_unanchored_pose-large_0050,dram,unanchored,large,none,True,8,30,-1
dram_unanchored_pose-large_0050,dram,unanchored,large,none,True,16,30,-1
dram_unanchored_pose-large_0051,dram,unanchored,large,none,False,2,30,-1
dram_unanchored_pose-large_0051,dram,unanchored,large,none,False,4,30,-1
dram_unanchored_pose-large_0051,dram,unanchored,large,none,False,8,30,-1
dram_unanchored_pose-large_0051,dram,unanchored,large,none,False,16,30,-1
dram_unanchored_pose-large_0051,dram,unanchored,large,none,True,2,30,-1
dram_unanchored_pose-large_0051,dram,unanchored,large,none,True,4,30,-1
dram_unanchored_pose-large_0051,dram,unanchored,large,none,True,8,30,-1
dram_unanchored_pose-large_0051,dram,unanchored,large,none,True,16,30,-1
dram_unanchored_pose-large_0052,dram,unanchored,large,none,False,2,30,-1
dram_unanchored_pose-large_0052,dram,unanchored,large,none,False,4,30,-1
dram_unanchored_pose-large_0052,dram,unanchored,large,none,False,8,30,-1
dram_unanchored_pose-large_0052,dram,unanchored,large,none,False,16,30,-1
dram_unanchored_pose-large_0052,dram,unanchored,large,none,True,2,30,-1
dram_unanchored_pose-large_0052,dram,unanchored,large,none,True,4,30,-1
dram_unanchored_pose-large_0052,dram,unanchored,large,none,True,8,30,-1
dram_unanchored_pose-large_0052,dram,unanchored,large,none,True,16,30,-1
dram_unanchored_pose-large_0053,dram,unanchored,large,none,False,2,30,-1
dram_unanchored_pose-large_0053,dram,unanchored,large,none,False,4,30,-1
dram_unanchored_pose-large_0053,dram,unanchored,large,none,False,8,30,-1
dram_unanchored_pose-large_0053,dram,unanchored,large,none,False,16,30,-1
dram_unanchored_pose-large_0053,dram,unanchored,large,none,True,2,30,-1
dram_unanchored_pose-large_0053,dram,unanchored,large,none,True,4,30,-1
dram_unanchored_pose-large_0053,dram,unanchored,large,none,True,8,30,-1
dram_unanchored_pose-large_0053,dram,unanchored,large,none,True,16,30,-1
finfet_anchored_pose-none_0054,finfet,anchored,none,none,False,2,30,1
finfet_anchored_pose-none_0054,finfet,anchored,none,none,False,4,30,1
finfet_anchored_pose-none_0054,finfet,anchored,none,none,False,8,30,1
finfet_anchored_pose-none_0054,finfet,anchored,none,none,False,16,30,1
finfet_anchored_pose-none_0054,finfet,anchored,none,none,True,2,30,1
finfet_anchored_pose-none_0054,finfet,anchored,none,none,True,4,30,1
finfet_anchored_pose-none_0054,finfet,anchored,none,none,True,8,30,1
finfet_anchored_pose-none_0054,finfet,anchored,none,none,True,16,30,1
finfet_anchored_pose-none_0055,finfet,anchored,none,none,False,2,30,1
finfet_anchored_pose-none_0055,finfet,anchored,none,none,False,4,30,1
finfet_anchored_pose-none_0055,finfet,anchored,none,none,False,8,30,1
finfet_anchored_pose-none_0055,finfet,anchored,none,none,False,16,30,1
finfet_anchored_pose-none_0055,finfet,anchored,none,none,True,2,30,1
finfet_anchored_pose-none_0055,finfet,anchored,none,none,True,4,30,1
finfet_anchored_pose-none_0055,finfet,anchored,none,none,True,8,30,1
finfet_anchored_pose-none_0055,finfet,anchored,none,none,True,16,30,1
finfet_anchored_pose-none_0056,finfet,anchored,none,none,False,2,30,1
finfet_anchored_pose-none_0056,finfet,anchored,none,none,False,4,30,1
finfet_anchored_pose-none_0056,finfet,anchored,none,none,False,8,30,1
finfet_anchored_pose-none_0056,finfet,anchored,none,none,False,16,30,1
finfet_anchored_pose-none_0056,finfet,anchored,none,none,True,2,30,1
finfet_anchored_pose-none_0056,finfet,anchored,none,none,True,4,30,1
finfet_anchored_pose-none_0056,finfet,anchored,none,none,True,8,30,1
finfet_anchored_pose-none_0056,finfet,anchored,none,none,True,16,30,1
finfet_anchored_pose-none_0057,finfet,anchored,none,none,False,2,30,1
finfet_anchored_pose-none_0057,finfet,anchored,none,none,False,4,30,1
finfet_anchored_pose-none_0057,finfet,anchored,none,none,False,8,30,1
finfet_anchored_pose-none_0057,finfet,anchored,none,none,False,16,30,1
finfet_anchored_pose-none_0057,finfet,anchored,none,none,True,2,30,1
finfet_anchored_pose-none_0057,finfet,anchored,none,none,True,4,30,1
finfet_anchored_pose-none_0057,finfet,anchored,none,none,True,8,30,1
finfet_anchored_pose-none_0057,finfet,anchored,none,none,True,16,30,1
finfet_anchored_pose-none_0058,finfet,anchored,none,none,False,2,30,1
finfet_anchored_pose-none_0058,finfet,anchored,none,none,False,4,30,1
finfet_anchored_pose-none_0058,finfet,anchored,none,none,False,8,30,1
finfet_anchored_pose-none_0058,finfet,anchored,none,none,False,16,30,1
finfet_anchored_pose-none_0058,finfet,anchored,none,none,True,2,30,1
finfet_anchored_pose-none_0058,finfet,anchored,none,none,True,4,30,1
finfet_anchored_pose-none_0058,finfet,anchored,none,none,True,8,30,1
finfet_anchored_pose-none_0058,finfet,anchored,none,none,True,16,30,1
finfet_anchored_pose-none_0059,finfet,anchored,none,none,False,2,30,1
finfet_anchored_pose-none_0059,finfet,anchored,none,none,False,4,30,1
finfet_anchored_pose-none_0059,finfet,anchored,none,none,False,8,30,1
finfet_anchored_pose-none_0059,finfet,anchored,none,none,False,16,30,1
finfet_anchored_pose-none_0059,finfet,anchored,none,none,True,2,30,1
finfet_anchored_pose-none_0059,finfet,anchored,none,none,True,4,30,1
finfet_anchored_pose-none_0059,finfet,anchored,none,none,True,8,30,1
finfet_anchored_pose-none_0059,finfet,anchored,none,none,True,16,30,1
finfet_anchored_pose-none_0060,finfet,anchored,none,none,False,2,30,1
finfet_anchored_pose-none_0060,finfet,anchored,none,none,False,4,30,1
finfet_anchored_pose-none_0060,finfet,anchored,none,none,False,8,30,1
finfet_anchored_pose-none_0060,finfet,anchored,none,none,False,16,30,1
finfet_anchored_pose-none_0060,finfet,anchored,none,none,True,2,30,1
finfet_anchored_pose-none_0060,finfet,anchored,none,none,True,4,30,1
finfet_anchored_pose-none_0060,finfet,anchored,none,none,True,8,30,1
finfet_anchored_pose-none_0060,finfet,anchored,none,none,True,16,30,1
finfet_anchored_pose-none_0061,finfet,anchored,none,none,False,2,30,1
finfet_anchored_pose-none_0061,finfet,anchored,none,none,False,4,30,1
finfet_anchored_pose-none_0061,finfet,anchored,none,none,False,8,30,1
finfet_anchored_pose-none_0061,finfet,anchored,none,none,False,16,30,1
finfet_anchored_pose-none_0061,finfet,anchored,none,none,True,2,30,1
finfet_anchored_pose-none_0061,finfet,anchored,none,none,True,4,30,1
finfet_anchored_pose-none_0061,finfet,anchored,none,none,True,8,30,1
finfet_anchored_pose-none_0061,finfet,anchored,none,none,True,16,30,1
finfet_anchored_pose-none_0062,finfet,anchored,none,none,False,2,30,1
finfet_anchored_pose-none_0062,finfet,anchored,none,none,False,4,30,1
finfet_anchored_pose-none_0062,finfet,anchored,none,none,False,8,30,1
finfet_anchored_pose-none_0062,finfet,anchored,none,none,False,16,30,1
finfet_anchored_pose-none_0062,finfet,anchored,none,none,True,2,30,1
finfet_anchored_pose-none_0062,finfet,anchored,none,none,True,4,30,1
finfet_anchored_pose-none_0062,finfet,anchored,none,none,True,8,30,1
finfet_anchored_pose-none_0062,finfet,anchored,none,none,True,16,30,1
finfet_anchored_pose-small_0063,finfet,anchored,small,none,False,2,30,-1
finfet_anchored_pose-small_0063,finfet,anchored,small,none,False,4,30,-1
finfet_anchored_pose-small_0063,finfet,anchored,small,none,False,8,30,-1
finfet_anchored_pose-small_0063,finfet,anchored,small,none,False,16,30,-1
finfet_anchored_pose-small_0063,finfet,anchored,small,none,True,2,30,-1
finfet_anchored_pose-small_0063,finfet,anchored,small,none,True,4,30,-1
finfet_anchored_pose-small_0063,finfet,anchored,small,none,True,8,30,-1
finfet_anchored_pose-small_0063,finfet,anchored,small,none,True,16,30,-1
finfet_anchored_pose-small_0064,finfet,anchored,small,none,False,2,30,1
finfet_anchored_pose-small_0064,finfet,anchored,small,none,False,4,30,1
finfet_anchored_pose-small_0064,finfet,anchored,small,none,False,8,30,1
finfet_anchored_pose-small_0064,finfet,anchored,small,none,False,16,30,1
finfet_anchored_pose-small_0064,finfet,anchored,small,none,True,2,30,-1
finfet_anchored_pose-small_0064,finfet,anchored,small,none,True,4,30,-1
finfet_anchored_pose-small_0064,finfet,anchored,small,none,True,8,30,-1
finfet_anchored_pose-small_0064,finfet,anchored,small,none,True,16,30,-1
finfet_anchored_pose-small_0065,finfet,anchored,small,none,False,2,30,-1
finfet_anchored_pose-small_0065,finfet,anchored,small,none,False,4,30,-1
finfet_anchored_pose-small_0065,finfet,anchored,small,none,False,8,30,-1
finfet_anchored_pose-small_0065,finfet,anchored,small,none,False,16,30,-1
finfet_anchored_pose-small_0065,finfet,anchored,small,none,True,2,30,-1
finfet_anchored_pose-small_0065,finfet,anchored,small,none,True,4,30,-1
finfet_anchored_pose-small_0065,finfet,anchored,small,none,True,8,30,-1
finfet_anchored_pose-small_0065,finfet,anchored,small,none,True,16,30,-1
finfet_anchored_pose-small_0066,finfet,anchored,small,none,False,2,30,1
finfet_anchored_pose-small_0066,finfet,anchored,small,none,False,4,30,1
finfet_anchored_pose-small_0066,finfet,anchored,small,none,False,8,30,1
finfet_anchored_pose-small_0066,finfet,anchored,small,none,False,16,30,1
finfet_anchored_pose-small_0066,finfet,anchored,small,none,True,2,30,1
finfet_anchored_pose-small_0066,finfet,anchored,small,none,True,4,30,1
finfet_anchored_pose-small_0066,finfet,anchored,small,none,True,8,30,1
finfet_anchored_pose-small_0066,finfet,anchored,small,none,True,16,30,1
finfet_anchored_pose-small_0067,finfet,anchored,small,none,False,2,30,1
finfet_anchored_pose-small_0067,finfet,anchored,small,none,False,4,30,1
finfet_anchored_pose-small_0067,finfet,anchored,small,none,False,8,30,1
finfet_anchored_pose-small_0067,finfet,anchored,small,none,False,16,30,1
finfet_anchored_pose-small_0067,finfet,anchored,small,none,True,2,30,1
finfet_anchored_pose-small_0067,finfet,anchored,small,none,True,4,30,1
finfet_anchored_pose-small_0067,finfet,anchored,small,none,True,8,30,1
finfet_anchored_pose-small_0067,finfet,anchored,small,none,True,16,30,1
finfet_anchored_pose-small_0068,finfet,anchored,small,none,False,2,30,-1
finfet_anchored_pose-small_0068,finfet,anchored,small,none,False,4,30,-1
finfet_anchored_pose-small_0068,finfet,anchored,small,none,False,8,30,-1
finfet_anchored_pose-small_0068,finfet,anchored,small,none,False,16,30,-1
finfet_anchored_pose-small_0068,finfet,anchored,small,none,True,2,30,-1
finfet_anchored_pose-small_0068,finfet,anchored,small,none,True,4,30,-1
finfet_anchored_pose-small_0068,finfet,anchored,small,none,True,8,30,-1
finfet_anchored_pose-small_0068,finfet,anchored,small,none,True,16,30,-1
finfet_anchored_pose-small_0069,finfet,anchored,small,none,False,2,30,1
finfet_anchored_pose-small_0069,finfet,anchored,small,none,False,4,30,1
finfet_anchored_pose-small_0069,finfet,anchored,small,none,False,8,30,1
finfet_anchored_pose-small_0069,finfet,anchored,small,none,False,16,30,1
finfet_anchored_pose-small_0069,finfet,anchored,small,none,True,2,30,1
finfet_anchored_pose-small_0069,finfet,anchored,small,none,True,4,30,1
finfet_anchored_pose-small_0069,finfet,anchored,small,none,True,8,30,1
finfet_anchored_pose-small_0069,finfet,anchored,small,none,True,16,30,1
finfet_anchored_pose-small_0070,finfet,anchored,small,none,False,2,30,1
finfet_anchored_pose-small_0070,finfet,anchored,small,none,False,4,30,1
finfet_anchored_pose-small_0070,finfet,anchored,small,none,False,8,30,1
finfet_anchored_pose-small_0070,finfet,anchored,small,none,False,16,30,1
finfet_anchored_pose-small_0070,finfet,anchored,small,none,True,2,30,1
finfet_anchored_pose-small_0070,finfet,anchored,small,none,True,4,30,1
finfet_anchored_pose-small_0070,finfet,anchored,small,none,True,8,30,1
finfet_anchored_pose-small_0070,finfet,anchored,small,none,True,16,30,1
finfet_anchored_pose-small_0071,finfet,anchored,small,none,False,2,30,-1
finfet_anchored_pose-small_0071,finfet,anchored,small,none,False,4,30,-1
finfet_anchored_pose-small_0071,finfet,anchored,small,none,False,8,30,-1
finfet_anchored_pose-small_0071,finfet,anchored,small,none,False,16,30,-1
finfet_anchored_pose-small_0071,finfet,anchored,small,none,True,2,30,-1
finfet_anchored_pose-small_0071,finfet,anchored,small,none,True,4,30,-1
finfet_anchored_pose-small_0071,finfet,anchored,small,none,True,8,30,-1
finfet_anchored_pose-small_0071,finfet,anchored,small,none,True,16,30,-1
finfet_anchored_pose-large_0072,finfet,anchored,large,none,False,2,30,-1
finfet_anchored_pose-large_0072,finfet,anchored,large,none,False,4,30,-1
finfet_anchored_pose-large_0072,finfet,anchored,large,none,False,8,30,-1
finfet_anchored_pose-large_0072,finfet,anchored,large,none,False,16,30,-1
finfet_anchored_pose-large_0072,finfet,anchored,large,none,True,2,30,-1
finfet_anchored_pose-large_0072,finfet,anchored,large,none,True,4,30,-1
finfet_anchored_pose-large_0072,finfet,anchored,large,none,True,8,30,-1
finfet_anchored_pose-large_0072,finfet,anchored,large,none,True,16,30,-1
finfet_anchored_pose-large_0073,finfet,anchored,large,none,False,2,30,-1
finfet_anchored_pose-large_0073,finfet,anchored,large,none,False,4,30,-1
finfet_anchored_pose-large_0073,finfet,anchored,large,none,False,8,30,-1
finfet_anchored_pose-large_0073,finfet,anchored,large,none,False,16,30,-1
finfet_anchored_pose-large_0073,finfet,anchored,large,none,True,2,30,-1
finfet_anchored_pose-large_0073,finfet,anchored,large,none,True,4,30,-1
finfet_anchored_pose-large_0073,finfet,anchored,large,none,True,8,30,-1
finfet_anchored_pose-large_0073,finfet,anchored,large,none,True,16,30,-1
finfet_anchored_pose-large_0074,finfet,anchored,large,none,False,2,30,1
finfet_anchored_pose-large_0074,finfet,anchored,large,none,False,4,30,1
finfet_anchored_pose-large_0074,finfet,anchored,large,none,False,8,30,1
finfet_anchored_pose-large_0074,finfet,anchored,large,none,False,16,30,1
finfet_anchored_pose-large_0074,finfet,anchored,large,none,True,2,30,1
finfet_anchored_pose-large_0074,finfet,anchored,large,none,True,4,30,1
finfet_anchored_pose-large_0074,finfet,anchored,large,none,True,8,30,1
finfet_anchored_pose-large_0074,finfet,anchored,large,none,True,16,30,1
finfet_anchored_pose-large_0075,finfet,anchored,large,none,False,2,30,8
finfet_anchored_pose-large_0075,finfet,anchored,large,none,False,4,30,8
finfet_anchored_pose-large_0075,finfet,anchored,large,none,False,8,30,8
finfet_anchored_pose-large_0075,finfet,anchored,large,none,False,16,30,8
finfet_anchored_pose-large_0075,finfet,anchored,large,none,True,2,30,12
finfet_anchored_pose-large_0075,finfet,anchored,large,none,True,4,30,12
finfet_anchored_pose-large_0075,finfet,anchored,large,none,True,8,30,12
finfet_anchored_pose-large_0075,finfet,anchored,large,none,True,16,30,12
finfet_anchored_pose-large_0076,finfet,anchored,large,none,False,2,30,1
finfet_anchored_pose-large_0076,finfet,anchored,large,none,False,4,30,1
finfet_anchored_pose-large_0076,finfet,anchored,large,none,False,8,30,1
finfet_anchored_pose-large_0076,finfet,anchored,large,none,False,16,30,1
finfet_anchored_pose-large_0076,finfet,anchored,large,none,True,2,30,1
finfet_anchored_pose-large_0076,finfet,anchored,large,none,True,4,30,1
finfet_anchored_pose-large_0076,finfet,anchored,large,none,True,8,30,1
finfet_anchored_pose-large_0076,finfet,anchored,large,none,True,16,30,1
finfet_anchored_pose-large_0077,finfet,anchored,large,none,False,2,30,1
finfet_anchored_pose-large_0077,finfet,anchored,large,none,False,4,30,1
finfet_anchored_pose-large_0077,finfet,anchored,large,none,False,8,30,1
finfet_anchored_pose-large_0077,finfet,anchored,large,none,False,16,30,1
finfet_anchored_pose-large_0077,finfet,anchored,large,none,True,2,30,1
finfet_anchored_pose-large_0077,finfet,anchored,large,none,True,4,30,1
finfet_anchored_pose-large_0077,finfet,anchored,large,none,True,8,30,1
finfet_anchored_pose-large_0077,finfet,anchored,large,none,True,16,30,1
finfet_anchored_pose-large_0078,finfet,anchored,large,none,False,2,30,-1
finfet_anchored_pose-large_0078,finfet,anchored,large,none,False,4,30,-1
finfet_anchored_pose-large_0078,finfet,anchored,large,none,False,8,30,-1
finfet_anchored_pose-large_0078,finfet,anchored,large,none,False,16,30,-1
finfet_anchored_pose-large_0078,finfet,anchored,large,none,True,2,30,-1
finfet_anchored_pose-large_0078,finfet,anchored,large,none,True,4,30,-1
finfet_anchored_pose-large_0078,finfet,anchored,large,none,True,8,30,-1
finfet_anchored_pose-large_0078,finfet,anchored,large,none,True,16,30,-1
finfet_anchored_pose-large_0079,finfet,anchored,large,none,False,2,30,-1
finfet_anchored_pose-large_0079,finfet,anchored,large,none,False,4,30,-1
finfet_anchored_pose-large_0079,finfet,anchored,large,none,False,8,30,-1
finfet_anchored_pose-large_0079,finfet,anchored,large,none,False,16,30,-1
finfet_anchored_pose-large_0079,finfet,anchored,large,none,True,2,30,1
finfet_anchored_pose-large_0079,finfet,anchored,large,none,True,4,30,1
finfet_anchored_pose-large_0079,finfet,anchored,large,none,True,8,30,1
finfet_anchored_pose-large_0079,finfet,anchored,large,none,True,16,30,1
finfet_anchored_pose-large_0080,finfet,anchored,large,none,False,2,30,1
finfet_anchored_pose-large_0080,finfet,anchored,large,none,False,4,30,1
finfet_anchored_pose-large_0080,finfet,anchored,large,none,False,8,30,1
finfet_anchored_pose-large_0080,finfet,anchored,large,none,False,16,30,1
finfet_anchored_pose-large_0080,finfet,anchored,large,none,True,2,30,1
finfet_anchored_pose-large_0080,finfet,anchored,large,none,True,4,30,1
finfet_anchored_pose-large_0080,finfet,anchored,large,none,True,8,30,1
finfet_anchored_pose-large_0080,finfet,anchored,large,none,True,16,30,1
finfet_unanchored_pose-none_0081,finfet,unanchored,none,none,False,2,30,-1
finfet_unanchored_pose-none_0081,finfet,unanchored,none,none,False,4,30,-1
finfet_unanchored_pose-none_0081,finfet,unanchored,none,none,False,8,30,-1
finfet_unanchored_pose-none_0081,finfet,unanchored,none,none,False,16,30,-1
finfet_unanchored_pose-none_0081,finfet,unanchored,none,none,True,2,30,-1
finfet_unanchored_pose-none_0081,finfet,unanchored,none,none,True,4,30,-1
finfet_unanchored_pose-none_0081,finfet,unanchored,none,none,True,8,30,-1
finfet_unanchored_pose-none_0081,finfet,unanchored,none,none,True,16,30,-1
finfet_unanchored_pose-none_0082,finfet,unanchored,none,none,False,2,30,-1
finfet_unanchored_pose-none_0082,finfet,unanchored,none,none,False,4,30,-1
finfet_unanchored_pose-none_0082,finfet,unanchored,none,none,False,8,30,-1
finfet_unanchored_pose-none_0082,finfet,unanchored,none,none,False,16,30,-1
finfet_unanchored_pose-none_0082,finfet,unanchored,none,none,True,2,30,-1
finfet_unanchored_pose-none_0082,finfet,unanchored,none,none,True,4,30,-1
finfet_unanchored_pose-none_0082,finfet,unanchored,none,none,True,8,30,-1
finfet_unanchored_pose-none_0082,finfet,unanchored,none,none,True,16,30,-1
finfet_unanchored_pose-none_0083,finfet,unanchored,none,none,False,2,30,-1
finfet_unanchored_pose-none_0083,finfet,unanchored,none,none,False,4,30,-1
finfet_unanchored_pose-none_0083,finfet,unanchored,none,none,False,8,30,-1
finfet_unanchored_pose-none_0083,finfet,unanchored,none,none,False,16,30,-1
finfet_unanchored_pose-none_0083,finfet,unanchored,none,none,True,2,30,-1
finfet_unanchored_pose-none_0083,finfet,unanchored,none,none,True,4,30,-1
finfet_unanchored_pose-none_0083,finfet,unanchored,none,none,True,8,30,-1
finfet_unanchored_pose-none_0083,finfet,unanchored,none,none,True,16,30,-1
finfet_unanchored_pose-none_0084,finfet,unanchored,none,none,False,2,30,-1
finfet_unanchored_pose-none_0084,finfet,unanchored,none,none,False,4,30,-1
finfet_unanchored_pose-none_0084,finfet,unanchored,none,none,False,8,30,-1
finfet_unanchored_pose-none_0084,finfet,unanchored,none,none,False,16,30,-1
finfet_unanchored_pose-none_0084,finfet,unanchored,none,none,True,2,30,-1
finfet_unanchored_pose-none_0084,finfet,unanchored,none,none,True,4,30,-1
finfet_unanchored_pose-none_0084,finfet,unanchored,none,none,True,8,30,-1
finfet_unanchored_pose-none_0084,finfet,unanchored,none,none,True,16,30,-1
finfet_unanchored_pose-none_0085,finfet,unanchored,none,none,False,2,30,-1
finfet_unanchored_pose-none_0085,finfet,unanchored,none,none,False,4,30,-1
finfet_unanchored_pose-none_0085,finfet,unanchored,none,none,False,8,30,-1
finfet_unanchored_pose-none_0085,finfet,unanchored,none,none,False,16,30,-1
finfet_unanchored_pose-none_0085,finfet,unanchored,none,none,True,2,30,-1
finfet_unanchored_pose-none_0085,finfet,unanchored,none,none,True,4,30,-1
finfet_unanchored_pose-none_0085,finfet,unanchored,none,none,True,8,30,-1
finfet_unanchored_pose-none_0085,finfet,unanchored,none,none,True,16,30,-1
finfet_unanchored_pose-none_0086,finfet,unanchored,none,none,False,2,30,-1
finfet_unanchored_pose-none_0086,finfet,unanchored,none,none,False,4,30,-1
finfet_unanchored_pose-none_0086,finfet,unanchored,none,none,False,8,30,-1
finfet_unanchored_pose-none_0086,finfet,unanchored,none,none,False,16,30,-1
finfet_unanchored_pose-none_0086,finfet,unanchored,none,none,True,2,30,-1
finfet_unanchored_pose-none_0086,finfet,unanchored,none,none,True,4,30,-1
finfet_unanchored_pose-none_0086,finfet,unanchored,none,none,True,8,30,-1
finfet_unanchored_pose-none_0086,finfet,unanchored,none,none,True,16,30,-1
finfet_unanchored_pose-none_0087,finfet,unanchored,none,none,False,2,30,-1
finfet_unanchored_pose-none_0087,finfet,unanchored,none,none,False,4,30,-1
finfet_unanchored_pose-none_0087,finfet,unanchored,none,none,False,8,30,-1
finfet_unanchored_pose-none_0087,finfet,unanchored,none,none,False,16,30,-1
finfet_unanchored_pose-none_0087,finfet,unanchored,none,none,True,2,30,-1
finfet_unanchored_pose-none_0087,finfet,unanchored,none,none,True,4,30,-1
finfet_unanchored_pose-none_0087,finfet,unanchored,none,none,True,8,30,-1
finfet_unanchored_pose-none_0087,finfet,unanchored,none,none,True,16,30,-1
finfet_unanchored_pose-none_0088,finfet,unanchored,none,none,False,2,30,-1
finfet_unanchored_pose-none_0088,finfet,unanchored,none,none,False,4,30,-1
finfet_unanchored_pose-none_0088,finfet,unanchored,none,none,False,8,30,-1
finfet_unanchored_pose-none_0088,finfet,unanchored,none,none,False,16,30,-1
finfet_unanchored_pose-none_0088,finfet,unanchored,none,none,True,2,30,-1
finfet_unanchored_pose-none_0088,finfet,unanchored,none,none,True,4,30,-1
finfet_unanchored_pose-none_0088,finfet,unanchored,none,none,True,8,30,-1
finfet_unanchored_pose-none_0088,finfet,unanchored,none,none,True,16,30,-1
finfet_unanchored_pose-none_0089,finfet,unanchored,none,none,False,2,30,-1
finfet_unanchored_pose-none_0089,finfet,unanchored,none,none,False,4,30,-1
finfet_unanchored_pose-none_0089,finfet,unanchored,none,none,False,8,30,-1
finfet_unanchored_pose-none_0089,finfet,unanchored,none,none,False,16,30,-1
finfet_unanchored_pose-none_0089,finfet,unanchored,none,none,True,2,30,-1
finfet_unanchored_pose-none_0089,finfet,unanchored,none,none,True,4,30,-1
finfet_unanchored_pose-none_0089,finfet,unanchored,none,none,True,8,30,-1
finfet_unanchored_pose-none_0089,finfet,unanchored,none,none,True,16,30,-1
finfet_unanchored_pose-small_0090,finfet,unanchored,small,none,False,2,30,-1
finfet_unanchored_pose-small_0090,finfet,unanchored,small,none,False,4,30,-1
finfet_unanchored_pose-small_0090,finfet,unanchored,small,none,False,8,30,-1
finfet_unanchored_pose-small_0090,finfet,unanchored,small,none,False,16,30,-1
finfet_unanchored_pose-small_0090,finfet,unanchored,small,none,True,2,30,-1
finfet_unanchored_pose-small_0090,finfet,unanchored,small,none,True,4,30,-1
finfet_unanchored_pose-small_0090,finfet,unanchored,small,none,True,8,30,-1
finfet_unanchored_pose-small_0090,finfet,unanchored,small,none,True,16,30,-1
finfet_unanchored_pose-small_0091,finfet,unanchored,small,none,False,2,30,-1
finfet_unanchored_pose-small_0091,finfet,unanchored,small,none,False,4,30,-1
finfet_unanchored_pose-small_0091,finfet,unanchored,small,none,False,8,30,-1
finfet_unanchored_pose-small_0091,finfet,unanchored,small,none,False,16,30,-1
finfet_unanchored_pose-small_0091,finfet,unanchored,small,none,True,2,30,-1
finfet_unanchored_pose-small_0091,finfet,unanchored,small,none,True,4,30,-1
finfet_unanchored_pose-small_0091,finfet,unanchored,small,none,True,8,30,-1
finfet_unanchored_pose-small_0091,finfet,unanchored,small,none,True,16,30,-1
finfet_unanchored_pose-small_0092,finfet,unanchored,small,none,False,2,30,-1
finfet_unanchored_pose-small_0092,finfet,unanchored,small,none,False,4,30,-1
finfet_unanchored_pose-small_0092,finfet,unanchored,small,none,False,8,30,-1
finfet_unanchored_pose-small_0092,finfet,unanchored,small,none,False,16,30,-1
finfet_unanchored_pose-small_0092,finfet,unanchored,small,none,True,2,30,-1
finfet_unanchored_pose-small_0092,finfet,unanchored,small,none,True,4,30,-1
finfet_unanchored_pose-small_0092,finfet,unanchored,small,none,True,8,30,-1
finfet_unanchored_pose-small_0092,finfet,unanchored,small,none,True,16,30,-1
finfet_unanchored_pose-small_0093,finfet,unanchored,small,none,False,2,30,-1
finfet_unanchored_pose-small_0093,finfet,unanchored,small,none,False,4,30,-1
finfet_unanchored_pose-small_0093,finfet,unanchored,small,none,False,8,30,-1
finfet_unanchored_pose-small_0093,finfet,unanchored,small,none,False,16,30,-1
finfet_unanchored_pose-small_0093,finfet,unanchored,small,none,True,2,30,-1
finfet_unanchored_pose-small_0093,finfet,unanchored,small,none,True,4,30,-1
finfet_unanchored_pose-small_0093,finfet,unanchored,small,none,True,8,30,-1
finfet_unanchored_pose-small_0093,finfet,unanchored,small,none,True,16,30,-1
finfet_unanchored_pose-small_0094,finfet,unanchored,small,none,False,2,30,-1
finfet_unanchored_pose-small_0094,finfet,unanchored,small,none,False,4,30,-1
finfet_unanchored_pose-small_0094,finfet,unanchored,small,none,False,8,30,-1
finfet_unanchored_pose-small_0094,finfet,unanchored,small,none,False,16,30,-1
finfet_unanchored_pose-small_0094,finfet,unanchored,small,none,True,2,30,-1
finfet_unanchored_pose-small_0094,finfet,unanchored,small,none,True,4,30,-1
finfet_unanchored_pose-small_0094,finfet,unanchored,small,none,True,8,30,-1
finfet_unanchored_pose-small_0094,finfet,unanchored,small,none,True,16,30,-1
finfet_unanchored_pose-small_0095,finfet,unanchored,small,none,False,2,30,-1
finfet_unanchored_pose-small_0095,finfet,unanchored,small,none,False,4,30,-1
finfet_unanchored_pose-small_0095,finfet,unanchored,small,none,False,8,30,-1
finfet_unanchored_pose-small_0095,finfet,unanchored,small,none,False,16,30,-1
finfet_unanchored_pose-small_0095,finfet,unanchored,small,none,True,2,30,-1
finfet_unanchored_pose-small_0095,finfet,unanchored,small,none,True,4,30,-1
finfet_unanchored_pose-small_0095,finfet,unanchored,small,none,True,8,30,-1
finfet_unanchored_pose-small_0095,finfet,unanchored,small,none,True,16,30,-1
finfet_unanchored_pose-small_0096,finfet,unanchored,small,none,False,2,30,-1
finfet_unanchored_pose-small_0096,finfet,unanchored,small,none,False,4,30,-1
finfet_unanchored_pose-small_0096,finfet,unanchored,small,none,False,8,30,-1
finfet_unanchored_pose-small_0096,finfet,unanchored,small,none,False,16,30,-1
finfet_unanchored_pose-small_0096,finfet,unanchored,small,none,True,2,30,-1
finfet_unanchored_pose-small_0096,finfet,unanchored,small,none,True,4,30,-1
finfet_unanchored_pose-small_0096,finfet,unanchored,small,none,True,8,30,-1
finfet_unanchored_pose-small_0096,finfet,unanchored,small,none,True,16,30,-1
finfet_unanchored_pose-small_0097,finfet,unanchored,small,none,False,2,30,-1
finfet_unanchored_pose-small_0097,finfet,unanchored,small,none,False,4,30,-1
finfet_unanchored_pose-small_0097,finfet,unanchored,small,none,False,8,30,-1
finfet_unanchored_pose-small_0097,finfet,unanchored,small,none,False,16,30,-1
finfet_unanchored_pose-small_0097,finfet,unanchored,small,none,True,2,30,-1
finfet_unanchored_pose-small_0097,finfet,unanchored,small,none,True,4,30,-1
finfet_unanchored_pose-small_0097,finfet,unanchored,small,none,True,8,30,-1
finfet_unanchored_pose-small_0097,finfet,unanchored,small,none,True,16,30,-1
finfet_unanchored_pose-small_0098,finfet,unanchored,small,none,False,2,30,-1
finfet_unanchored_pose-small_0098,finfet,unanchored,small,none,False,4,30,-1
finfet_unanchored_pose-small_0098,finfet,unanchored,small,none,False,8,30,-1
finfet_unanchored_pose-small_0098,finfet,unanchored,small,none,False,16,30,-1
finfet_unanchored_pose-small_0098,finfet,unanchored,small,none,True,2,30,-1
finfet_unanchored_pose-small_0098,finfet,unanchored,small,none,True,4,30,-1
finfet_unanchored_pose-small_0098,finfet,unanchored,small,none,True,8,30,-1
finfet_unanchored_pose-small_0098,finfet,unanchored,small,none,True,16,30,-1
finfet_unanchored_pose-large_0099,finfet,unanchored,large,none,False,2,30,-1
finfet_unanchored_pose-large_0099,finfet,unanchored,large,none,False,4,30,-1
finfet_unanchored_pose-large_0099,finfet,unanchored,large,none,False,8,30,-1
finfet_unanchored_pose-large_0099,finfet,unanchored,large,none,False,16,30,-1
finfet_unanchored_pose-large_0099,finfet,unanchored,large,none,True,2,30,-1
finfet_unanchored_pose-large_0099,finfet,unanchored,large,none,True,4,30,-1
finfet_unanchored_pose-large_0099,finfet,unanchored,large,none,True,8,30,-1
finfet_unanchored_pose-large_0099,finfet,unanchored,large,none,True,16,30,-1
finfet_unanchored_pose-large_0100,finfet,unanchored,large,none,False,2,30,-1
finfet_unanchored_pose-large_0100,finfet,unanchored,large,none,False,4,30,-1
finfet_unanchored_pose-large_0100,finfet,unanchored,large,none,False,8,30,-1
finfet_unanchored_pose-large_0100,finfet,unanchored,large,none,False,16,30,-1
finfet_unanchored_pose-large_0100,finfet,unanchored,large,none,True,2,30,-1
finfet_unanchored_pose-large_0100,finfet,unanchored,large,none,True,4,30,-1
finfet_unanchored_pose-large_0100,finfet,unanchored,large,none,True,8,30,-1
finfet_unanchored_pose-large_0100,finfet,unanchored,large,none,True,16,30,-1
finfet_unanchored_pose-large_0101,finfet,unanchored,large,none,False,2,30,-1
finfet_unanchored_pose-large_0101,finfet,unanchored,large,none,False,4,30,-1
finfet_unanchored_pose-large_0101,finfet,unanchored,large,none,False,8,30,-1
finfet_unanchored_pose-large_0101,finfet,unanchored,large,none,False,16,30,-1
finfet_unanchored_pose-large_0101,finfet,unanchored,large,none,True,2,30,-1
finfet_unanchored_pose-large_0101,finfet,unanchored,large,none,True,4,30,-1
finfet_unanchored_pose-large_0101,finfet,unanchored,large,none,True,8,30,-1
finfet_unanchored_pose-large_0101,finfet,unanchored,large,none,True,16,30,-1
finfet_unanchored_pose-large_0102,finfet,unanchored,large,none,False,2,30,-1
finfet_unanchored_pose-large_0102,finfet,unanchored,large,none,False,4,30,-1
finfet_unanchored_pose-large_0102,finfet,unanchored,large,none,False,8,30,-1
finfet_unanchored_pose-large_0102,finfet,unanchored,large,none,False,16,30,-1
finfet_unanchored_pose-large_0102,finfet,unanchored,large,none,True,2,30,-1
finfet_unanchored_pose-large_0102,finfet,unanchored,large,none,True,4,30,-1
finfet_unanchored_pose-large_0102,finfet,unanchored,large,none,True,8,30,-1
finfet_unanchored_pose-large_0102,finfet,unanchored,large,none,True,16,30,-1
finfet_unanchored_pose-large_0103,finfet,unanchored,large,none,False,2,30,-1
finfet_unanchored_pose-large_0103,finfet,unanchored,large,none,False,4,30,-1
finfet_unanchored_pose-large_0103,finfet,unanchored,large,none,False,8,30,-1
finfet_unanchored_pose-large_0103,finfet,unanchored,large,none,False,16,30,-1
finfet_unanchored_pose-large_0103,finfet,unanchored,large,none,True,2,30,-1
finfet_unanchored_pose-large_0103,finfet,unanchored,large,none,True,4,30,-1
finfet_unanchored_pose-large_0103,finfet,unanchored,large,none,True,8,30,-1
finfet_unanchored_pose-large_0103,finfet,unanchored,large,none,True,16,30,-1
finfet_unanchored_pose-large_0104,finfet,unanchored,large,none,False,2,30,-1
finfet_unanchored_pose-large_0104,finfet,unanchored,large,none,False,4,30,-1
finfet_unanchored_pose-large_0104,finfet,unanchored,large,none,False,8,30,-1
finfet_unanchored_pose-large_0104,finfet,unanchored,large,none,False,16,30,-1
finfet_unanchored_pose-large_0104,finfet,unanchored,large,none,True,2,30,-1
finfet_unanchored_pose-large_0104,finfet,unanchored,large,none,True,4,30,-1
finfet_unanchored_pose-large_0104,finfet,unanchored,large,none,True,8,30,-1
finfet_unanchored_pose-large_0104,finfet,unanchored,large,none,True,16,30,-1
finfet_unanchored_pose-large_0105,finfet,unanchored,large,none,False,2,30,-1
finfet_unanchored_pose-large_0105,finfet,unanchored,large,none,False,4,30,-1
finfet_unanchored_pose-large_0105,finfet,unanchored,large,none,False,8,30,-1
finfet_unanchored_pose-large_0105,finfet,unanchored,large,none,False,16,30,-1
finfet_unanchored_pose-large_0105,finfet,unanchored,large,none,True,2,30,-1
finfet_unanchored_pose-large_0105,finfet,unanchored,large,none,True,4,30,-1
finfet_unanchored_pose-large_0105,finfet,unanchored,large,none,True,8,30,-1
finfet_unanchored_pose-large_0105,finfet,unanchored,large,none,True,16,30,-1
finfet_unanchored_pose-large_0106,finfet,unanchored,large,none,False,2,30,-1
finfet_unanchored_pose-large_0106,finfet,unanchored,large,none,False,4,30,-1
finfet_unanchored_pose-large_0106,finfet,unanchored,large,none,False,8,30,-1
finfet_unanchored_pose-large_0106,finfet,unanchored,large,none,False,16,30,-1
finfet_unanchored_pose-large_0106,finfet,unanchored,large,none,True,2,30,-1
finfet_unanchored_pose-large_0106,finfet,unanchored,large,none,True,4,30,-1
finfet_unanchored_pose-large_0106,finfet,unanchored,large,none,True,8,30,-1
finfet_unanchored_pose-large_0106,finfet,unanchored,large,none,True,16,30,-1
finfet_unanchored_pose-large_0107,finfet,unanchored,large,none,False,2,30,-1
finfet_unanchored_pose-large_0107,finfet,unanchored,large,none,False,4,30,-1
finfet_unanchored_pose-large_0107,finfet,unanchored,large,none,False,8,30,-1
finfet_unanchored_pose-large_0107,finfet,unanchored,large,none,False,16,30,-1
finfet_unanchored_pose-large_0107,finfet,unanchored,large,none,True,2,30,-1
finfet_unanchored_pose-large_0107,finfet,unanchored,large,none,True,4,30,-1
finfet_unanchored_pose-large_0107,finfet,unanchored,large,none,True,8,30,-1
finfet_unanchored_pose-large_0107,finfet,unanchored,large,none,True,16,30,-1
