case_id,arch,anchored,pose,noise,seed,gt_x,gt_y,pred_x,pred_y,err_px,success_1px,gt_rotation_deg,gt_scale,theta_err_deg,scale_err,confidence,low_confidence_flag,ncc_peak,psr,n_tied,tie_break_used,uniqueness_score,theta_est,scale_est,subpixel_error,subpixel_method,mode_used,failure_mode,elapsed_ms,wall_ms,error
dram_anchored_pose-stress_0000,dram,anchored,stress,low,20260815,89.40303114769388,907.6459073881279,89.38000000268221,907.6899999976158,0.04974526964452513,1,0.42845451020630776,10.311183415742718,-0.42845451020630776,-0.31118341574271824,0.06537234016022828,1,0.8749803900718689,2.6799020209318716,1,False,0.29692960126022994,0.0,10.0,0.2532012462615967,phase_cross_correlation,ambiguous,none,310.10020000394434,310.2214000246022,
dram_anchored_pose-stress_0001,dram,anchored,stress,low,20260816,533.6387233519556,472.42593721675127,533.6999999880791,472.48000000044703,0.08171664894954556,1,-5.798460971350002,10.601768368459968,5.798460971350002,-0.6017683684599682,0.04634152645178336,1,0.2568306028842926,1.9514656911116244,1,False,0.2921224349575043,0.0,10.0,0.7145679593086243,phase_cross_correlation,ambiguous,none,302.32089999481104,302.4390000209678,
dram_anchored_pose-stress_0002,dram,anchored,stress,low,20260817,155.51022192249192,696.5808368166428,155.50999999977648,696.5599999986589,0.020837999745293562,1,-4.76349935610909,10.455478802165157,4.76349935610909,-0.4554788021651568,0.04879593906534362,1,0.3616194427013397,2.0598369577592264,1,False,0.2931947022877038,0.0,10.0,0.6244423985481262,phase_cross_correlation,ambiguous,none,320.77320001553744,321.1534000001848,
dram_anchored_pose-stress_0003,dram,anchored,stress,low,20260818,140.8094894100075,277.8985400633588,140.8100000023842,277.8700000047684,0.028544625569782496,1,-1.595412391016195,9.910073201660625,1.595412391016195,0.08992679833937522,0.07278455818401107,1,0.9076347947120667,2.910635747429295,1,False,0.28638107821680603,0.0,10.0,0.2242363542318344,phase_cross_correlation,ambiguous,none,312.15419998625293,312.3044999956619,
dram_anchored_pose-stress_0004,dram,anchored,stress,medium,20260819,683.9321053731547,750.9230508769009,683.9099999964237,750.9300000071526,0.02317192464329994,1,2.4370609359767244,9.738581554191303,-2.4370609359767244,0.26141844580869744,0.0664407943751723,1,0.7934815287590027,2.714613713418998,1,False,0.28779694305229186,0.0,10.0,0.33469855785369873,phase_cross_correlation,ambiguous,none,310.6567999930121,310.8392999856733,
dram_anchored_pose-stress_0005,dram,anchored,stress,medium,20260820,165.24109508328348,302.2138065130689,165.24000000953674,302.2600000053644,0.04620647050973076,1,-2.6762700829810306,9.193016219434778,2.6762700829810306,0.806983780565222,0.047510859537935046,1,0.3634096086025238,2.003759201831398,1,False,0.3006793214135468,0.0,10.0,0.6512287259101868,phase_cross_correlation,ambiguous,none,313.0296999879647,313.2276000105776,
dram_anchored_pose-stress_0006,dram,anchored,stress,medium,20260821,547.8880523078732,591.173659668318,547.7700000107288,591.1599999964237,0.11883994066523416,1,-6.194829764264595,10.568797660661692,6.194829764264595,-0.5687976606616925,0.045716589345655256,1,0.19644871354103088,1.9230010678350813,1,False,0.2960035709080845,0.0,10.0,0.7440449595451355,phase_cross_correlation,ambiguous,none,308.24779998511076,308.4232000110205,
dram_anchored_pose-stress_0007,dram,anchored,stress,medium,20260822,297.59937972960563,171.03664398091797,297.60999999940395,171.0900000333786,0.054402743173212725,1,1.0415378145780263,9.393983814757703,-1.0415378145780263,0.6060161852422965,0.05557368803804197,1,0.6305385828018188,2.3342643733201065,1,False,0.3010837091599405,0.0,10.0,0.4449318051338196,phase_cross_correlation,ambiguous,none,298.24450000887737,298.392500000773,
dram_anchored_pose-stress_0008,dram,anchored,stress,high,20260823,886.502820291565,228.41280645966924,886.5,228.40999999642372,0.003978728497868436,1,-7.340117324645227,9.350321885672361,7.340117324645227,0.6496781143276387,0.04577166945182621,1,0.16776373982429504,1.9255246915943056,1,False,0.30384257226753236,0.0,10.0,0.7704563736915588,phase_cross_correlation,ambiguous,none,297.8378999978304,297.94600000604987,
dram_anchored_pose-stress_0009,dram,anchored,stress,high,20260824,93.40230473981053,126.56876744417895,93.42999999970198,126.70000000298023,0.13412312220489006,1,5.977897244993629,9.608999590314745,-5.977897244993629,0.3910004096852546,0.05029199116713473,1,0.4256463050842285,2.1233825297450237,1,False,0.317862749920845,0.0,10.0,0.6254242658615112,phase_cross_correlation,ambiguous,none,295.4676999943331,295.59510000399314,
dram_anchored_pose-stress_0010,dram,anchored,stress,high,20260825,109.55305150795348,174.15289882004885,545.4099999964237,395.4900000002235,488.8367742964147,0,4.037934832200385,9.999258057357068,-4.037934832200385,0.0007419426429322584,0.05688900475121402,1,0.6509106755256653,2.3838362084744986,1,False,0.3047796941005886,0.0,10.0,0.4543296992778778,phase_cross_correlation,ambiguous,none,313.7490999943111,313.87610000092536,
dram_anchored_pose-stress_0011,dram,anchored,stress,high,20260826,232.24889893352326,181.49406862242984,232.25,181.59000000357628,0.09593769976422323,1,-5.44568965640986,9.780569483607875,5.44568965640986,0.21943051639212463,0.04806930423505216,1,0.4328043758869171,2.02830314846152,1,False,0.30120887167702615,0.0,10.0,0.6069632768630981,phase_cross_correlation,ambiguous,none,328.30700001795776,328.4752999898046,
dram_unanchored_pose-stress_0012,dram,unanchored,stress,low,20260827,679.4870380287649,678.7566800309144,301.4900000002235,592.570000000298,387.69821327038693,0,-2.0602954232265915,10.3328020206124,2.0602954232265915,-0.33280202061239983,0.06335408191011557,1,0.7684558629989624,2.612868034076893,1,False,0.2920042035802305,0.0,10.0,0.36370208859443665,phase_cross_correlation,ambiguous,none,530.9432999929413,531.2463000009302,
dram_unanchored_pose-stress_0013,dram,unanchored,stress,low,20260828,826.48368204677,494.10867702885145,102.60999999940395,250.65999999642372,763.7148459403224,0,5.486869702900345,9.778454785503126,-5.486869702900345,0.22154521449687437,0.045496491302370705,1,0.31205329298973083,1.9128877792745564,1,False,0.29846912735164166,0.0,10.0,0.6434545516967773,phase_cross_correlation,ambiguous,none,433.6339000146836,433.78560000564903,
dram_unanchored_pose-stress_0014,dram,unanchored,stress,low,20260829,662.8164190132014,419.838990190544,197.55000000074506,949.4900000002235,704.9844202910358,0,2.483966357784615,9.945521697484388,-2.483966357784615,0.05447830251561214,0.06612322730175631,1,0.830780565738678,2.704351174032057,1,False,0.2779815648960322,0.0,10.0,0.3113957941532135,phase_cross_correlation,ambiguous,none,491.9729999965057,492.2810999851208,
dram_unanchored_pose-stress_0015,dram,unanchored,stress,low,20260830,213.77135468269285,378.71163219034156,706.5900000035763,425.2699999958277,495.0130289079487,0,-5.396427190960205,9.944974418094422,5.396427190960205,0.05502558190557849,0.046041013883819926,1,0.406406968832016,1.9378238527655332,1,False,0.28074880010288955,0.0,10.0,0.609523594379425,phase_cross_correlation,ambiguous,none,433.4695999859832,433.6129000002984,
dram_unanchored_pose-stress_0016,dram,unanchored,stress,medium,20260831,499.1525630066974,909.4973922355549,646.570000000298,518.6500000059605,417.7242927367723,0,-5.408718301565868,10.287042083021323,5.408718301565868,-0.2870420830213227,0.046566398897484707,1,0.3883771002292633,1.9616188834969237,1,False,0.2859290684598088,0.0,10.0,0.6297322511672974,phase_cross_correlation,ambiguous,none,516.2467999907676,516.3910999835934,
dram_unanchored_pose-stress_0017,dram,unanchored,stress,medium,20260832,546.517752947701,512.5907611110406,697.5299999993294,921.5299999993294,435.93118707212847,0,0.2849300117120883,10.100429112546813,-0.2849300117120883,-0.10042911254681286,0.06659874641479048,1,0.9860290288925171,2.7197011564451197,1,False,0.28680521638579665,0.0,10.0,0.11956635862588882,phase_cross_correlation,ambiguous,none,324.48750000912696,324.6075000206474,
dram_unanchored_pose-stress_0018,dram,unanchored,stress,medium,20260833,483.14399176747446,80.91755595874957,107.18999999761581,912.6599999964237,912.7633303006068,0,-2.5213174538290204,10.871499887545594,2.5213174538290204,-0.8714998875455944,0.04707349627314178,1,0.33920085430145264,1.9843447021914231,1,False,0.2995823964083046,0.0,10.0,0.6505339741706848,phase_cross_correlation,ambiguous,none,295.5294999992475,295.65409998758696,
dram_unanchored_pose-stress_0019,dram,unanchored,stress,medium,20260834,225.83850836566137,89.23155614649471,271.52999999932945,678.640000000596,591.1768145776886,0,-4.4476398040934715,9.48329552077876,4.4476398040934715,0.5167044792212394,0.049448993252153066,1,0.46521174907684326,2.087799750796217,1,False,0.28551823265995085,0.0,10.0,0.6083101630210876,phase_cross_correlation,ambiguous,none,296.72489999211393,296.85510002309456,
dram_unanchored_pose-stress_0020,dram,unanchored,stress,high,20260835,133.9809241879172,145.38730583310922,222.5,80.47000000067055,109.77196080587993,0,2.5646348696607646,10.077357563525366,-2.5646348696607646,-0.07735756352536605,0.05716042148472068,1,0.7727969884872437,2.393931153733416,1,False,0.2983339164451957,0.0,10.0,0.34977880120277405,phase_cross_correlation,ambiguous,none,299.123899982078,299.2580000136513,
dram_unanchored_pose-stress_0021,dram,unanchored,stress,high,20260836,696.0155035852838,810.799523480033,65.37000000476837,284.21000000834465,821.5900908704181,0,7.114585894763323,10.70352629523546,-7.114585894763323,-0.7035262952354593,0.04540093508490908,1,0.27863338589668274,1.9084825528091336,1,False,0.3005905886648446,0.0,10.0,0.7465105652809143,phase_cross_correlation,ambiguous,none,306.02540000109,306.13569999695756,
dram_unanchored_pose-stress_0022,dram,unanchored,stress,high,20260837,424.60426059331735,746.0744349512742,623.6500000059605,238.87999999523163,544.8535594347394,0,7.819728715887319,10.195970517017274,-7.819728715887319,-0.1959705170172743,0.03943485451133793,1,0.1911773681640625,1.6142565060949445,1,False,0.3202064498733133,0.0,10.0,0.7657679319381714,phase_cross_correlation,ambiguous,none,295.20679998677224,295.34609999973327,
dram_unanchored_pose-stress_0023,dram,unanchored,stress,high,20260838,666.8659968445156,667.6776337400253,800.6199999973178,215.53999999910593,471.5067053650855,0,-0.836287857960551,10.354307423091173,0.836287857960551,-0.35430742309117313,0.060490091503147936,1,0.8682286739349365,2.5142424189091197,1,False,0.3094095988161415,0.0,10.0,0.297508180141449,phase_cross_correlation,ambiguous,none,295.15530000207946,295.2668000070844,
finfet_anchored_pose-stress_0024,finfet,anchored,stress,low,20260839,569.5850794778822,476.4370165342684,568.64,475.95,1.0631840499955851,0,-2.377353373769548,9.104543785994489,2.377353373769548,0.8954562140055113,0.0876417352524238,1,0.3193107545375824,3.3144491344392826,1,False,0.2654018567682654,0.0,10.0,0.6794247955476405,surface_upsampling,ambiguous,none,299.24469999969006,299.39900001045316,
finfet_anchored_pose-stress_0025,finfet,anchored,stress,low,20260840,458.9612375604272,256.79581889818184,455.79,259.01,3.8677313268003553,0,6.199922786890378,9.473928723621796,-6.199922786890378,0.5260712763782038,0.12806502287268895,1,0.18621540069580078,4.163646545029041,1,False,0.26778384895065427,0.0,10.0,0.8103597893075276,surface_upsampling,robust,none,295.7592000020668,295.87120001087897,
finfet_anchored_pose-stress_0026,finfet,anchored,stress,low,20260841,327.5042743314886,890.3639922313562,324.98,886.89,4.294249983889539,0,-6.033194009553849,10.76257168574158,6.033194009553849,-0.7625716857415803,0.15256372185803482,1,0.15200896561145782,4.570733417255684,1,False,0.2623637461299747,0.0,10.0,0.8398348810885996,surface_upsampling,robust,none,327.7634999831207,327.8844000014942,
finfet_anchored_pose-stress_0027,finfet,anchored,stress,low,20260842,608.8803245923804,659.5254479325367,608.9700000286102,659.7000000029802,0.19623992753547512,1,3.3617024462517584,9.294807683288225,-3.3617024462517584,0.7051923167117753,0.07952820707509067,1,0.3202023506164551,3.102450815428409,1,False,0.2643324899931252,0.0,10.0,0.6956049799919128,phase_cross_correlation,ambiguous,none,335.76109999557957,335.932199988747,
finfet_anchored_pose-stress_0028,finfet,anchored,stress,medium,20260843,135.9219023654515,673.5818526222741,135.93000000715256,673.640000000596,0.05870851221781613,1,1.8917409526790632,9.971037454294457,-1.8917409526790632,0.028962545705542908,0.043796857702759595,1,0.7271983623504639,1.8331833808835798,1,False,0.27657307264463604,0.0,10.0,0.32285767793655396,phase_cross_correlation,ambiguous,none,341.1160000250675,341.237499989802,
finfet_anchored_pose-stress_0029,finfet,anchored,stress,medium,20260844,547.662736730091,438.8627129715549,544.62,441.12,3.788613405644741,0,5.114920608303789,10.058663484065814,-5.114920608303789,-0.05866348406581423,0.08041509076921488,1,0.21182633936405182,3.126558944194404,1,False,0.2673413712238669,0.0,10.0,0.7866103066696976,surface_upsampling,ambiguous,none,449.83210001373664,449.9701000167988,
finfet_anchored_pose-stress_0030,finfet,anchored,stress,medium,20260845,808.973011417398,397.90068690601316,806.8,395.61,3.1574079751470556,0,-5.0881882519947705,10.757328839333793,5.0881882519947705,-0.7573288393337929,0.32486384949331903,1,0.17191943526268005,6.536983589866185,1,False,0.26536266934420166,0.0,10.0,0.8261227144346139,surface_upsampling,robust,none,545.3209999832325,545.5010000150651,
finfet_anchored_pose-stress_0031,finfet,anchored,stress,medium,20260846,107.68083578696374,493.8657051421751,107.67,492.87,0.9957641007954919,1,4.152669093189692,10.817452807588044,-4.152669093189692,-0.8174528075880438,0.2175060991540069,1,0.2464279979467392,5.439481528570077,1,False,0.2668530627284646,0.0,10.0,0.752959848652102,surface_upsampling,robust,none,436.81360001210123,436.99120002565905,
finfet_anchored_pose-stress_0032,finfet,anchored,stress,high,20260847,283.19458054771655,101.58530084182266,278.95,99.78,4.612545409591049,0,-7.943118622758092,10.498029604626684,7.943118622758092,-0.49802960462668366,0.06245184959444544,1,0.21855175495147705,2.582255472759282,1,False,0.28056081481954454,0.0,10.0,0.7701038671362875,surface_upsampling,ambiguous,none,560.8585000154562,561.0363000014331,
finfet_anchored_pose-stress_0033,finfet,anchored,stress,high,20260848,701.9178312944761,612.9931355855499,701.8499999940395,612.6599999964237,0.33997118416324823,1,3.411487957677233,10.465342003547367,-3.411487957677233,-0.46534200354736655,0.07658810045776722,1,0.35690486431121826,3.020732643048812,1,False,0.2766199254406095,0.0,10.0,0.5855169296264648,phase_cross_correlation,ambiguous,none,480.36149999825284,480.48699999344535,
finfet_anchored_pose-stress_0034,finfet,anchored,stress,high,20260849,811.2257691688488,639.9268574452121,811.2299999892712,639.9399999976158,0.013806756502863825,1,-1.482581079738937,9.968235572346828,1.482581079738937,0.031764427653172334,0.04565637104391921,1,0.8147704601287842,1.9202387109785348,1,False,0.27126785395763814,0.0,10.0,0.3177471160888672,phase_cross_correlation,ambiguous,none,571.3797000062186,571.6442999837454,
finfet_anchored_pose-stress_0035,finfet,anchored,stress,high,20260850,906.6150586087779,827.3371904241169,907.11,826.03,1.3977531204214482,0,-4.754351744433157,9.62982292410073,4.754351744433157,0.37017707589927085,0.8726231810312222,0,0.15458230674266815,11.848708107891868,1,False,0.0,0.0,10.0,0.8429058992725201,surface_upsampling,fast,none,103.4743000054732,103.76149998046458,
finfet_unanchored_pose-stress_0036,finfet,unanchored,stress,low,20260851,723.7982175454133,791.3230925588276,230.38,919.03,509.67694828575577,0,-6.636568676503083,10.179134300704668,6.636568676503083,-0.17913430070466774,0.041227622455229776,1,0.18513526022434235,1.706909573811043,1,False,0.260663593404755,0.0,10.0,0.8137491558272838,surface_upsampling,ambiguous,none,468.88899998157285,469.04180001001805,
finfet_unanchored_pose-stress_0037,finfet,unanchored,stress,low,20260852,190.28425715564214,524.808705983164,72.48000000044703,866.2100000083447,361.1546574058753,0,-3.1977845578272532,10.119851727550156,3.1977845578272532,-0.11985172755015583,0.03905306597334598,1,0.44031083583831787,1.5940043986707222,1,False,0.2627523549262285,0.0,10.0,0.5515316724777222,phase_cross_correlation,ambiguous,none,467.4556000099983,467.7818999916781,
finfet_unanchored_pose-stress_0038,finfet,unanchored,stress,low,20260853,727.6374052812985,598.0903541218561,683.65,299.14,302.1691679390278,0,7.6145851948509335,10.402210853560415,-7.6145851948509335,-0.4022108535604154,0.03866247747668579,1,0.154246985912323,1.5730879760685628,1,False,0.2599711202735454,0.0,10.0,0.8448002347116831,surface_upsampling,ambiguous,none,493.68220000178553,493.80029999883845,
finfet_unanchored_pose-stress_0039,finfet,unanchored,stress,low,20260854,338.78955524492636,256.38927667709396,321.72,789.91,533.7937166464742,0,-7.081308694276723,9.783093775756672,7.081308694276723,0.21690622424332773,0.03815781932508934,1,0.18320657312870026,1.5457606310465566,1,False,0.25806012425142527,0.0,10.0,0.8149861481082596,surface_upsampling,ambiguous,none,372.6134999888018,372.76270001893863,
finfet_unanchored_pose-stress_0040,finfet,unanchored,stress,medium,20260855,465.29621200471036,610.146931191601,533.4900000002235,237.48000000044703,378.854898773408,0,0.8168491948824901,9.903357134264025,-0.8168491948824901,0.09664286573597458,0.040728600723976334,1,0.9394017457962036,1.681513057855569,1,False,0.26197604000869396,0.0,10.0,0.20483383536338806,phase_cross_correlation,ambiguous,none,315.63560001086444,315.74979997822084,
finfet_unanchored_pose-stress_0041,finfet,unanchored,stress,medium,20260856,516.6966247349008,484.3804692709392,671.570000000298,781.7800000011921,335.3091756046518,0,-0.9887779503818628,10.531482052196118,0.9887779503818628,-0.5314820521961181,0.03989256913956899,1,0.3125808835029602,1.6382897682019482,1,False,0.2774223494968414,0.0,10.0,0.6116530299186707,phase_cross_correlation,ambiguous,none,294.73439999856055,294.86319998977706,
finfet_unanchored_pose-stress_0042,finfet,unanchored,stress,medium,20260857,694.132092360798,755.1312427572325,650.63,522.01,237.1454108019886,0,-7.247798994828981,9.052074895947621,7.247798994828981,0.9479251040523788,0.052359644723428085,1,0.04770934581756592,2.20832219509546,1,False,0.2652825802285224,0.0,10.0,0.9515720535643727,surface_upsampling,ambiguous,none,299.1514999885112,299.2787999974098,
finfet_unanchored_pose-stress_0043,finfet,unanchored,stress,medium,20260858,693.8171806910904,621.7599575380729,411.36,344.04,396.11921657363234,0,-6.5970244676201215,9.930021692596224,6.5970244676201215,0.06997830740377609,0.04117988526436774,1,0.1764954775571823,1.7044928679683304,1,False,0.25808348634530603,0.0,10.0,0.8221858603901524,surface_upsampling,ambiguous,none,308.9922000071965,309.2183999833651,
finfet_unanchored_pose-stress_0044,finfet,unanchored,stress,high,20260859,587.9509027043564,349.17513429878807,124.50999999977648,454.5,475.25866392377765,0,2.4357807969871743,9.981542641400884,-2.4357807969871743,0.018457358599116347,0.04118740786457959,1,0.6400178670883179,1.704873879173338,1,False,0.25784883766259253,0.0,10.0,0.45532089471817017,phase_cross_correlation,ambiguous,none,315.65210002008826,315.83839998347685,
finfet_unanchored_pose-stress_0045,finfet,unanchored,stress,high,20260860,384.0104797341638,109.50330181993179,136.5,49.5,254.67986533593455,0,-3.023833734081199,10.49143500707812,3.023833734081199,-0.4914350070781204,0.050277431639780656,1,0.19887547194957733,2.122772785255776,1,False,0.2575933287799507,0.0,10.0,nan,rejected,ambiguous,none,296.7491000017617,296.86899998341687,
finfet_unanchored_pose-stress_0046,finfet,unanchored,stress,high,20260861,441.4482937921203,783.126728009682,49.5,398.5,549.1458685139934,0,-2.0736601545614572,9.007117615852309,2.0736601545614572,0.9928823841476913,0.07475982136142781,1,0.06523136049509048,2.9684544733994587,1,False,0.2537246854644567,0.0,10.0,nan,rejected,ambiguous,none,306.66570001631044,306.7752000060864,
finfet_unanchored_pose-stress_0047,finfet,unanchored,stress,high,20260862,296.8019121320523,798.4623745950391,657.5500000007451,76.44999998807907,807.1189825462534,0,3.8504253598831504,10.406133178239365,-3.8504253598831504,-0.4061331782393651,0.043249095242145395,1,0.17005132138729095,1.8068664878788314,1,False,0.25837125594455,0.0,10.0,0.7253531217575073,phase_cross_correlation,ambiguous,none,295.63070001313463,295.7514000008814,
